OrderID	OrderType	Status	Symbol	Time	Comment	Volume	Price	TakeProfit	StopLoss	Profit	Swap	Commission	Balance	Equity	Margin	FreeMargin
0	SYSTEM	EA_STARTED	USDCHF	01:01:2018 00:00:00	DailyOrderEA v1.01 started with 1042 orders	0.0	0.0	0.0	0.0	0.0	0.0	0.0	10000.0	10000.0	0.0	10000.0
2	buy	OPEN	USDCHF	02:01:2018 08:00:00	CSV Order #1	0.1	0.97365	0.97465	0.97265	0.0	0.0	0.0	10000.0	9999.59	100.0	9899.59
2	buy	CLOSE	USDCHF	02:01:2018 09:44:38	CSV Order #1 - CLOSED	0.1	0.97265	0.0	0.0	-10.629999999999999	0.0	-0.35000000000000003	9989.72	9989.72	0.0	9989.72
4	sell	OPEN	USDCHF	03:01:2018 08:00:00	CSV Order #2	0.1	0.9717	0.9707	0.9727	0.0	0.0	0.0	9989.72	9989.31	100.0	9889.31
4	sell	CLOSE	USDCHF	03:01:2018 09:05:20	CSV Order #2 - CLOSED	0.1	0.9727	0.0	0.0	-10.629999999999999	0.0	-0.35000000000000003	9979.44	9979.44	0.0	9979.44
6	buy	OPEN	USDCHF	04:01:2018 08:00:00	CSV Order #3	0.1	0.97768	0.97868	0.97668	0.0	0.0	0.0	9979.44	9979.03	100.0	9879.03
6	buy	CLOSE	USDCHF	04:01:2018 08:36:36	CSV Order #3 - CLOSED	0.1	0.97667	0.0	0.0	-10.69	0.0	-0.35000000000000003	9969.1	9969.1	0.0	9969.1
8	sell	OPEN	USDCHF	05:01:2018 08:00:00	CSV Order #4	0.1	0.97455	0.97355	0.97555	0.0	0.0	0.0	9969.1	9968.48	100.0	9868.48
8	sell	CLOSE	USDCHF	05:01:2018 08:55:59	CSV Order #4 - CLOSED	0.1	0.97555	0.0	0.0	-10.6	0.0	-0.35000000000000003	9958.85	9958.85	0.0	9958.85
10	buy	OPEN	USDCHF	08:01:2018 08:00:00	CSV Order #5	0.1	0.97586	0.97686	0.97486	0.0	0.0	0.0	9958.85	9958.34	100.0	9858.34
10	buy	CLOSE	USDCHF	08:01:2018 09:57:24	CSV Order #5 - CLOSED	0.1	0.97686	0.0	0.0	9.89	0.0	-0.35000000000000003	9969.09	9969.09	0.0	9969.09
12	buy	OPEN	USDCHF	09:01:2018 08:00:00	CSV Order #6	0.1	0.97762	0.97862	0.97662	0.0	0.0	0.0	9969.09	9968.78	100.0	9868.78
12	buy	CLOSE	USDCHF	09:01:2018 09:30:40	CSV Order #6 - CLOSED	0.1	0.97865	0.0	0.0	10.17	0.0	-0.35000000000000003	9979.61	9979.61	0.0	9979.61
14	buy	OPEN	USDCHF	10:01:2018 08:00:00	CSV Order #7	0.1	0.98412	0.98512	0.98312	0.0	0.0	0.0	9979.61	9979.2	100.0	9879.2
14	buy	CLOSE	USDCHF	10:01:2018 09:11:40	CSV Order #7 - CLOSED	0.1	0.98312	0.0	0.0	-10.52	0.0	-0.35000000000000003	9969.44	9969.44	0.0	9969.44
16	sell	OPEN	USDCHF	11:01:2018 08:00:00	CSV Order #8	0.1	0.97885	0.97785	0.97985	0.0	0.0	0.0	9969.44	9969.34	100.0	9869.34
16	sell	CLOSE	USDCHF	11:01:2018 08:36:28	CSV Order #8 - CLOSED	0.1	0.97985	0.0	0.0	-10.56	0.0	-0.35000000000000003	9959.23	9959.23	0.0	9959.23
18	sell	OPEN	USDCHF	12:01:2018 08:00:00	CSV Order #9	0.1	0.97685	0.97585	0.97785	0.0	0.0	0.0	9959.23	9958.72	100.0	9858.72
18	sell	CLOSE	USDCHF	12:01:2018 09:06:15	CSV Order #9 - CLOSED	0.1	0.97585	0.0	0.0	9.9	0.0	-0.35000000000000003	9969.48	9969.48	0.0	9969.48
20	sell	OPEN	USDCHF	15:01:2018 08:00:00	CSV Order #10	0.1	0.96652	0.96552	0.96752	0.0	0.0	0.0	9969.48	9968.96	100.0	9868.96
20	sell	CLOSE	USDCHF	15:01:2018 10:07:41	CSV Order #10 - CLOSED	0.1	0.96548	0.0	0.0	10.42	0.0	-0.35000000000000003	9980.25	9980.25	0.0	9980.25
22	sell	OPEN	USDCHF	16:01:2018 08:00:00	CSV Order #11	0.1	0.96384	0.96284	0.96484	0.0	0.0	0.0	9980.25	9979.52	100.0	9879.52
22	sell	CLOSE	USDCHF	16:01:2018 08:32:40	CSV Order #11 - CLOSED	0.1	0.96282	0.0	0.0	10.24	0.0	-0.35000000000000003	9990.84	9990.84	0.0	9990.84
24	sell	OPEN	USDCHF	17:01:2018 08:00:00	CSV Order #12	0.1	0.96259	0.96159	0.96359	0.0	0.0	0.0	9990.84	9990.22	100.0	9890.22
24	sell	CLOSE	USDCHF	17:01:2018 08:53:42	CSV Order #12 - CLOSED	0.1	0.96361	0.0	0.0	-10.94	0.0	-0.35000000000000003	9980.25	9980.25	0.0	9980.25
26	buy	OPEN	USDCHF	18:01:2018 08:00:00	CSV Order #13	0.1	0.96374	0.96474	0.96274	0.0	0.0	0.0	9980.25	9979.83	100.0	9879.83
26	buy	CLOSE	USDCHF	18:01:2018 09:12:40	CSV Order #13 - CLOSED	0.1	0.96475	0.0	0.0	10.120000000000001	0.0	-0.35000000000000003	9990.72	9990.72	0.0	9990.72
28	sell	OPEN	USDCHF	19:01:2018 08:00:00	CSV Order #14	0.1	0.95741	0.95641	0.95841	0.0	0.0	0.0	9990.72	9990.41	100.0	9890.41
28	sell	CLOSE	USDCHF	19:01:2018 09:26:39	CSV Order #14 - CLOSED	0.1	0.95637	0.0	0.0	10.52	0.0	-0.35000000000000003	10001.59	10001.59	0.0	10001.59
30	buy	OPEN	USDCHF	22:01:2018 08:00:00	CSV Order #15	0.1	0.9628	0.9638	0.9618	0.0	0.0	0.0	10001.59	10001.28	100.0	9901.28
30	buy	CLOSE	USDCHF	22:01:2018 09:24:40	CSV Order #15 - CLOSED	0.1	0.96178	0.0	0.0	-10.959999999999999	0.0	-0.35000000000000003	9990.98	9990.98	0.0	9990.98
32	buy	OPEN	USDCHF	23:01:2018 08:00:00	CSV Order #16	0.1	0.96203	0.96303	0.96103	0.0	0.0	0.0	9990.98	9990.36	100.0	9890.36
32	buy	CLOSE	USDCHF	23:01:2018 09:01:42	CSV Order #16 - CLOSED	0.1	0.96305	0.0	0.0	10.24	0.0	-0.35000000000000003	10001.57	10001.57	0.0	10001.57
34	sell	OPEN	USDCHF	24:01:2018 08:00:00	CSV Order #17	0.1	0.95499	0.95399	0.95599	0.0	0.0	0.0	10001.57	10001.15	100.0	9901.15
34	sell	CLOSE	USDCHF	24:01:2018 10:08:05	CSV Order #17 - CLOSED	0.1	0.95399	0.0	0.0	10.13	0.0	-0.35000000000000003	10012.05	10012.05	0.0	10012.05
36	sell	OPEN	USDCHF	25:01:2018 08:00:00	CSV Order #18	0.1	0.94204	0.94104	0.94304	0.0	0.0	0.0	10012.05	10011.63	100.0	9911.63
36	sell	CLOSE	USDCHF	25:01:2018 08:16:05	CSV Order #18 - CLOSED	0.1	0.94104	0.0	0.0	10.280000000000001	0.0	-0.35000000000000003	10022.68	10022.68	0.0	10022.68
38	sell	OPEN	USDCHF	26:01:2018 08:00:00	CSV Order #19	0.1	0.93935	0.93835	0.94035	0.0	0.0	0.0	10022.68	10022.25	100.0	9922.25
38	sell	CLOSE	USDCHF	26:01:2018 08:16:39	CSV Order #19 - CLOSED	0.1	0.93834	0.0	0.0	10.41	0.0	-0.35000000000000003	10033.44	10033.44	0.0	10033.44
40	sell	OPEN	USDCHF	29:01:2018 08:00:00	CSV Order #20	0.1	0.93607	0.93507	0.93707	0.0	0.0	0.0	10033.44	10033.12	100.0	9933.12
40	sell	CLOSE	USDCHF	29:01:2018 09:34:16	CSV Order #20 - CLOSED	0.1	0.93707	0.0	0.0	-11.02	0.0	-0.35000000000000003	10022.77	10022.77	0.0	10022.77
42	buy	OPEN	USDCHF	30:01:2018 08:00:00	CSV Order #21	0.1	0.93812	0.93912	0.93712	0.0	0.0	0.0	10022.77	10022.02	100.0	9922.02
42	buy	CLOSE	USDCHF	30:01:2018 09:31:29	CSV Order #21 - CLOSED	0.1	0.93709	0.0	0.0	-11.34	0.0	-0.35000000000000003	10011.78	10011.78	0.0	10011.78
44	sell	OPEN	USDCHF	31:01:2018 08:00:00	CSV Order #22	0.1	0.93288	0.93188	0.93388	0.0	0.0	0.0	10011.78	10011.24	100.0	9911.24
44	sell	CLOSE	USDCHF	31:01:2018 08:42:41	CSV Order #22 - CLOSED	0.1	0.93185	0.0	0.0	10.700000000000001	0.0	-0.35000000000000003	10022.83	10022.83	0.0	10022.83
46	sell	OPEN	USDCHF	01:02:2018 08:00:00	CSV Order #23	0.1	0.93137	0.93037	0.93237	0.0	0.0	0.0	10022.83	10022.08	100.0	9922.08
46	sell	CLOSE	USDCHF	01:02:2018 08:14:41	CSV Order #23 - CLOSED	0.1	0.93239	0.0	0.0	-11.29	0.0	-0.35000000000000003	10011.89	10011.89	0.0	10011.89
48	sell	OPEN	USDCHF	02:02:2018 08:00:00	CSV Order #24	0.1	0.92678	0.92578	0.92778	0.0	0.0	0.0	10011.89	10011.13	100.0	9911.13
48	sell	CLOSE	USDCHF	02:02:2018 10:32:00	CSV Order #24 - CLOSED	0.1	0.92778	0.0	0.0	-11.129999999999999	0.0	-0.35000000000000003	10001.11	10001.11	0.0	10001.11
50	buy	OPEN	USDCHF	05:02:2018 08:00:00	CSV Order #25	0.1	0.93008	0.93108	0.92908	0.0	0.0	0.0	10001.11	10000.68	100.0	9900.68
50	buy	CLOSE	USDCHF	05:02:2018 09:02:34	CSV Order #25 - CLOSED	0.1	0.93108	0.0	0.0	10.39	0.0	-0.35000000000000003	10011.85	10011.85	0.0	10011.85
52	buy	OPEN	USDCHF	06:02:2018 08:00:00	CSV Order #26	0.1	0.93217	0.93317	0.93117	0.0	0.0	0.0	10011.85	10011.42	100.0	9911.42
52	buy	CLOSE	USDCHF	06:02:2018 09:06:41	CSV Order #26 - CLOSED	0.1	0.93318	0.0	0.0	10.47	0.0	-0.35000000000000003	10022.67	10022.67	0.0	10022.67
54	buy	OPEN	USDCHF	07:02:2018 08:00:00	CSV Order #27	0.1	0.93497	0.93597	0.93397	0.0	0.0	0.0	10022.67	10022.24	100.0	9922.24
54	buy	CLOSE	USDCHF	07:02:2018 09:17:42	CSV Order #27 - CLOSED	0.1	0.93397	0.0	0.0	-11.06	0.0	-0.35000000000000003	10011.96	10011.96	0.0	10011.96
56	buy	OPEN	USDCHF	08:02:2018 08:00:00	CSV Order #28	0.1	0.94406	0.94506	0.94306	0.0	0.0	0.0	10011.96	10011.32	100.0	9911.32
56	buy	CLOSE	USDCHF	08:02:2018 08:54:40	CSV Order #28 - CLOSED	0.1	0.94507	0.0	0.0	10.34	0.0	-0.35000000000000003	10022.65	10022.65	0.0	10022.65
58	sell	OPEN	USDCHF	09:02:2018 08:00:00	CSV Order #29	0.1	0.93814	0.93714	0.93914	0.0	0.0	0.0	10022.65	10022.01	100.0	9922.01
58	sell	CLOSE	USDCHF	09:02:2018 08:33:39	CSV Order #29 - CLOSED	0.1	0.93714	0.0	0.0	10.32	0.0	-0.35000000000000003	10033.32	10033.32	0.0	10033.32
60	buy	OPEN	USDCHF	12:02:2018 08:00:00	CSV Order #30	0.1	0.93825	0.93925	0.93725	0.0	0.0	0.0	10033.32	10032.79	100.0	9932.79
60	buy	CLOSE	USDCHF	12:02:2018 10:02:40	CSV Order #30 - CLOSED	0.1	0.93928	0.0	0.0	10.620000000000001	0.0	-0.35000000000000003	10044.29	10044.29	0.0	10044.29
62	sell	OPEN	USDCHF	13:02:2018 08:00:00	CSV Order #31	0.1	0.9375	0.9365	0.9385	0.0	0.0	0.0	10044.29	10043.44	100.0	9943.44
62	sell	CLOSE	USDCHF	13:02:2018 08:22:27	CSV Order #31 - CLOSED	0.1	0.9365	0.0	0.0	10.33	0.0	-0.35000000000000003	10054.97	10054.97	0.0	10054.97
64	sell	OPEN	USDCHF	14:02:2018 08:00:00	CSV Order #32	0.1	0.93275	0.93175	0.93375	0.0	0.0	0.0	10054.97	10054.01	100.0	9954.01
64	sell	CLOSE	USDCHF	14:02:2018 09:42:03	CSV Order #32 - CLOSED	0.1	0.93375	0.0	0.0	-11.06	0.0	-0.35000000000000003	10044.26	10044.26	0.0	10044.26
66	sell	OPEN	USDCHF	15:02:2018 08:00:00	CSV Order #33	0.1	0.92761	0.92661	0.92861	0.0	0.0	0.0	10044.26	10043.4	100.0	9943.4
66	sell	CLOSE	USDCHF	15:02:2018 09:10:17	CSV Order #33 - CLOSED	0.1	0.92658	0.0	0.0	10.77	0.0	-0.35000000000000003	10055.38	10055.38	0.0	10055.38
68	sell	OPEN	USDCHF	16:02:2018 08:00:00	CSV Order #34	0.1	0.91932	0.91832	0.92032	0.0	0.0	0.0	10055.38	10054.62	100.0	9954.62
68	sell	CLOSE	USDCHF	16:02:2018 09:53:33	CSV Order #34 - CLOSED	0.1	0.92034	0.0	0.0	-11.43	0.0	-0.35000000000000003	10044.3	10044.3	0.0	10044.3
70	buy	OPEN	USDCHF	19:02:2018 08:00:00	CSV Order #35	0.1	0.92872	0.92972	0.92772	0.0	0.0	0.0	10044.3	10043.65	100.0	9943.65
70	buy	CLOSE	USDCHF	19:02:2018 09:23:15	CSV Order #35 - CLOSED	0.1	0.92973	0.0	0.0	10.51	0.0	-0.35000000000000003	10055.16	10055.16	0.0	10055.16
72	buy	OPEN	USDCHF	20:02:2018 08:00:00	CSV Order #36	0.1	0.93127	0.93227	0.93027	0.0	0.0	0.0	10055.16	10054.52	100.0	9954.52
72	buy	CLOSE	USDCHF	20:02:2018 09:36:31	CSV Order #36 - CLOSED	0.1	0.93227	0.0	0.0	10.38	0.0	-0.35000000000000003	10065.89	10065.89	0.0	10065.89
74	buy	OPEN	USDCHF	21:02:2018 08:00:00	CSV Order #37	0.1	0.93763	0.93863	0.93663	0.0	0.0	0.0	10065.89	10065.25	100.0	9965.25
74	buy	CLOSE	USDCHF	21:02:2018 08:59:33	CSV Order #37 - CLOSED	0.1	0.93662	0.0	0.0	-11.129999999999999	0.0	-0.35000000000000003	10055.11	10055.11	0.0	10055.11
76	buy	OPEN	USDCHF	22:02:2018 08:00:00	CSV Order #38	0.1	0.9396	0.9406	0.9386	0.0	0.0	0.0	10055.11	10054.37	100.0	9954.37
76	buy	CLOSE	USDCHF	22:02:2018 09:06:38	CSV Order #38 - CLOSED	0.1	0.9406	0.0	0.0	10.280000000000001	0.0	-0.35000000000000003	10065.74	10065.74	0.0	10065.74
78	sell	OPEN	USDCHF	23:02:2018 08:00:00	CSV Order #39	0.1	0.93496	0.93396	0.93596	0.0	0.0	0.0	10065.74	10065.1	100.0	9965.1
78	sell	CLOSE	USDCHF	23:02:2018 09:01:38	CSV Order #39 - CLOSED	0.1	0.93596	0.0	0.0	-11.03	0.0	-0.35000000000000003	10055.06	10055.06	0.0	10055.06
80	buy	OPEN	USDCHF	26:02:2018 08:00:00	CSV Order #40	0.1	0.93355	0.93455	0.93255	0.0	0.0	0.0	10055.06	10054.52	100.0	9954.52
80	buy	CLOSE	USDCHF	26:02:2018 09:43:05	CSV Order #40 - CLOSED	0.1	0.93255	0.0	0.0	-11.07	0.0	-0.35000000000000003	10044.34	10044.34	0.0	10044.34
82	buy	OPEN	USDCHF	27:02:2018 08:00:00	CSV Order #41	0.1	0.93739	0.93839	0.93639	0.0	0.0	0.0	10044.34	10043.59	100.0	9943.59
82	buy	CLOSE	USDCHF	27:02:2018 09:27:37	CSV Order #41 - CLOSED	0.1	0.93639	0.0	0.0	-11.03	0.0	-0.35000000000000003	10033.66	10033.66	0.0	10033.66
84	buy	OPEN	USDCHF	28:02:2018 08:00:00	CSV Order #42	0.1	0.93975	0.94075	0.93875	0.0	0.0	0.0	10033.66	10033.34	100.0	9933.34
84	buy	CLOSE	USDCHF	28:02:2018 09:55:42	CSV Order #42 - CLOSED	0.1	0.94075	0.0	0.0	10.280000000000001	0.0	-0.35000000000000003	10044.29	10044.29	0.0	10044.29
86	buy	OPEN	USDCHF	01:03:2018 08:00:00	CSV Order #43	0.1	0.94524	0.94624	0.94424	0.0	0.0	0.0	10044.29	10043.66	100.0	9943.66
86	buy	CLOSE	USDCHF	01:03:2018 09:06:39	CSV Order #43 - CLOSED	0.1	0.94424	0.0	0.0	-10.94	0.0	-0.35000000000000003	10033.7	10033.7	0.0	10033.7
88	sell	OPEN	USDCHF	02:03:2018 08:00:00	CSV Order #44	0.1	0.93894	0.93794	0.93994	0.0	0.0	0.0	10033.7	10033.27	100.0	9933.27
88	sell	CLOSE	USDCHF	02:03:2018 09:01:03	CSV Order #44 - CLOSED	0.1	0.93994	0.0	0.0	-10.99	0.0	-0.35000000000000003	10023.06	10023.06	0.0	10023.06
90	sell	OPEN	USDCHF	05:03:2018 08:00:00	CSV Order #45	0.1	0.93627	0.93527	0.93727	0.0	0.0	0.0	10023.06	10021.99	100.0	9921.99
90	sell	CLOSE	USDCHF	05:03:2018 08:40:42	CSV Order #45 - CLOSED	0.1	0.93729	0.0	0.0	-11.23	0.0	-0.35000000000000003	10012.18	10012.18	0.0	10012.18
92	buy	OPEN	USDCHF	06:03:2018 08:00:00	CSV Order #46	0.1	0.93955	0.94055	0.93855	0.0	0.0	0.0	10012.18	10011.54	100.0	9911.54
92	buy	CLOSE	USDCHF	06:03:2018 08:51:38	CSV Order #46 - CLOSED	0.1	0.94055	0.0	0.0	10.280000000000001	0.0	-0.35000000000000003	10022.81	10022.81	0.0	10022.81
94	sell	OPEN	USDCHF	07:03:2018 08:00:00	CSV Order #47	0.1	0.93735	0.93635	0.93835	0.0	0.0	0.0	10022.81	10022.28	100.0	9922.28
94	sell	CLOSE	USDCHF	07:03:2018 08:31:44	CSV Order #47 - CLOSED	0.1	0.93635	0.0	0.0	10.33	0.0	-0.35000000000000003	10033.49	10033.49	0.0	10033.49
96	buy	OPEN	USDCHF	08:03:2018 08:00:00	CSV Order #48	0.1	0.94352	0.94452	0.94252	0.0	0.0	0.0	10033.49	10032.85	100.0	9932.85
96	buy	CLOSE	USDCHF	08:03:2018 09:23:26	CSV Order #48 - CLOSED	0.1	0.94252	0.0	0.0	-10.959999999999999	0.0	-0.35000000000000003	10022.88	10022.88	0.0	10022.88
98	buy	OPEN	USDCHF	09:03:2018 08:00:00	CSV Order #49	0.1	0.95194	0.95294	0.95094	0.0	0.0	0.0	10022.88	10022.46	100.0	9922.46
98	buy	CLOSE	USDCHF	09:03:2018 11:02:33	CSV Order #49 - CLOSED	0.1	0.95093	0.0	0.0	-10.969999999999999	0.0	-0.35000000000000003	10012.26	10012.26	0.0	10012.26
100	sell	OPEN	USDCHF	12:03:2018 08:00:00	CSV Order #50	0.1	0.94999	0.94899	0.95099	0.0	0.0	0.0	10012.26	10011.84	100.0	9911.84
100	sell	CLOSE	USDCHF	12:03:2018 09:30:23	CSV Order #50 - CLOSED	0.1	0.94899	0.0	0.0	10.19	0.0	-0.35000000000000003	10022.8	10022.8	0.0	10022.8
102	sell	OPEN	USDCHF	13:03:2018 08:00:00	CSV Order #51	0.1	0.94792	0.94692	0.94892	0.0	0.0	0.0	10022.8	10022.69	100.0	9922.69
102	sell	CLOSE	USDCHF	13:03:2018 09:51:20	CSV Order #51 - CLOSED	0.1	0.94892	0.0	0.0	-10.889999999999999	0.0	-0.35000000000000003	10012.26	10012.26	0.0	10012.26
104	sell	OPEN	USDCHF	14:03:2018 08:00:00	CSV Order #52	0.1	0.94283	0.94183	0.94383	0.0	0.0	0.0	10012.26	10011.73	100.0	9911.73
104	sell	CLOSE	USDCHF	14:03:2018 09:05:35	CSV Order #52 - CLOSED	0.1	0.94383	0.0	0.0	-10.95	0.0	-0.35000000000000003	10001.66	10001.66	0.0	10001.66
106	buy	OPEN	USDCHF	15:03:2018 08:00:00	CSV Order #53	0.1	0.94457	0.94557	0.94357	0.0	0.0	0.0	10001.66	10001.13	100.0	9901.13
106	buy	CLOSE	USDCHF	15:03:2018 09:52:06	CSV Order #53 - CLOSED	0.1	0.94557	0.0	0.0	10.23	0.0	-0.35000000000000003	10012.24	10012.24	0.0	10012.24
108	buy	OPEN	USDCHF	16:03:2018 08:00:00	CSV Order #54	0.1	0.95028	0.95128	0.94928	0.0	0.0	0.0	10012.24	10011.61	100.0	9911.61
108	buy	CLOSE	USDCHF	16:03:2018 11:04:16	CSV Order #54 - CLOSED	0.1	0.94928	0.0	0.0	-10.879999999999999	0.0	-0.35000000000000003	10001.71	10001.71	0.0	10001.71
110	buy	OPEN	USDCHF	19:03:2018 08:00:00	CSV Order #55	0.1	0.95385	0.95485	0.95285	0.0	0.0	0.0	10001.71	10001.19	100.0	9901.19
110	buy	CLOSE	USDCHF	19:03:2018 10:00:32	CSV Order #55 - CLOSED	0.1	0.95487	0.0	0.0	10.33	0.0	-0.35000000000000003	10012.39	10012.39	0.0	10012.39
112	sell	OPEN	USDCHF	20:03:2018 08:00:00	CSV Order #56	0.1	0.95208	0.95108	0.95308	0.0	0.0	0.0	10012.39	10011.76	100.0	9911.76
112	sell	CLOSE	USDCHF	20:03:2018 09:34:04	CSV Order #56 - CLOSED	0.1	0.95108	0.0	0.0	10.16	0.0	-0.35000000000000003	10022.9	10022.9	0.0	10022.9
114	buy	OPEN	USDCHF	21:03:2018 08:00:00	CSV Order #57	0.1	0.9549	0.9559	0.9539	0.0	0.0	0.0	10022.9	10022.27	100.0	9922.27
114	buy	CLOSE	USDCHF	21:03:2018 10:13:32	CSV Order #57 - CLOSED	0.1	0.9539	0.0	0.0	-10.83	0.0	-0.35000000000000003	10012.42	10012.42	0.0	10012.42
116	sell	OPEN	USDCHF	22:03:2018 08:00:00	CSV Order #58	0.1	0.94884	0.94784	0.94984	0.0	0.0	0.0	10012.42	10011.79	100.0	9911.79
116	sell	CLOSE	USDCHF	22:03:2018 09:10:30	CSV Order #58 - CLOSED	0.1	0.94784	0.0	0.0	10.200000000000001	0.0	-0.35000000000000003	10022.97	10022.97	0.0	10022.97
118	sell	OPEN	USDCHF	23:03:2018 08:00:00	CSV Order #59	0.1	0.94555	0.94455	0.94655	0.0	0.0	0.0	10022.97	10022.12	100.0	9922.12
118	sell	CLOSE	USDCHF	23:03:2018 08:46:35	CSV Order #59 - CLOSED	0.1	0.94454	0.0	0.0	10.34	0.0	-0.35000000000000003	10033.66	10033.66	0.0	10033.66
120	buy	OPEN	USDCHF	26:03:2018 08:00:01	CSV Order #60	0.1	0.94685	0.94785	0.94585	0.0	0.0	0.0	10033.66	10032.82	100.0	9932.82
120	buy	CLOSE	USDCHF	26:03:2018 09:15:26	CSV Order #60 - CLOSED	0.1	0.94785	0.0	0.0	10.200000000000001	0.0	-0.35000000000000003	10044.21	10044.21	0.0	10044.21
122	sell	OPEN	USDCHF	27:03:2018 08:00:00	CSV Order #61	0.1	0.94493	0.94393	0.94593	0.0	0.0	0.0	10044.21	10043.58	100.0	9943.58
122	sell	CLOSE	USDCHF	27:03:2018 09:43:21	CSV Order #61 - CLOSED	0.1	0.94393	0.0	0.0	10.24	0.0	-0.35000000000000003	10054.8	10054.8	0.0	10054.8
124	buy	OPEN	USDCHF	28:03:2018 08:00:00	CSV Order #62	0.1	0.94759	0.94859	0.94659	0.0	0.0	0.0	10054.8	10054.17	100.0	9954.17
124	buy	CLOSE	USDCHF	28:03:2018 09:17:05	CSV Order #62 - CLOSED	0.1	0.94859	0.0	0.0	10.19	0.0	-0.35000000000000003	10065.34	10065.34	0.0	10065.34
126	buy	OPEN	USDCHF	29:03:2018 08:00:00	CSV Order #63	0.1	0.95568	0.95668	0.95468	0.0	0.0	0.0	10065.34	10064.82	100.0	9964.82
126	buy	CLOSE	USDCHF	29:03:2018 09:45:00	CSV Order #63 - CLOSED	0.1	0.95668	0.0	0.0	10.1	0.0	-0.35000000000000003	10075.79	10075.79	0.0	10075.79
128	sell	OPEN	USDCHF	30:03:2018 08:00:01	CSV Order #64	0.1	0.95444	0.95344	0.95544	0.0	0.0	0.0	10075.79	10070.34	100.0	9970.34
128	sell	CLOSE	USDCHF	30:03:2018 09:20:01	CSV Order #64 - CLOSED	0.1	0.95344	0.0	0.0	10.14	0.0	-0.35000000000000003	10086.28	10086.28	0.0	10086.28
130	sell	OPEN	USDCHF	02:04:2018 08:00:00	CSV Order #65	0.1	0.95443	0.95343	0.95543	0.0	0.0	0.0	10086.28	10085.23	100.0	9985.23
130	sell	CLOSE	USDCHF	02:04:2018 10:53:34	CSV Order #65 - CLOSED	0.1	0.95343	0.0	0.0	10.14	0.0	-0.35000000000000003	10096.77	10096.77	0.0	10096.77
132	buy	OPEN	USDCHF	03:04:2018 08:00:00	CSV Order #66	0.1	0.95517	0.95617	0.95417	0.0	0.0	0.0	10096.77	10096.04	100.0	9996.04
132	buy	CLOSE	USDCHF	03:04:2018 09:49:17	CSV Order #66 - CLOSED	0.1	0.95417	0.0	0.0	-10.83	0.0	-0.35000000000000003	10086.29	10086.29	0.0	10086.29
134	buy	OPEN	USDCHF	04:04:2018 08:00:00	CSV Order #67	0.1	0.958	0.959	0.957	0.0	0.0	0.0	10086.29	10085.77	100.0	9985.77
134	buy	CLOSE	USDCHF	04:04:2018 10:01:17	CSV Order #67 - CLOSED	0.1	0.95906	0.0	0.0	10.700000000000001	0.0	-0.35000000000000003	10097.34	10097.34	0.0	10097.34
136	buy	OPEN	USDCHF	05:04:2018 08:00:00	CSV Order #68	0.1	0.9615	0.9625	0.9605	0.0	0.0	0.0	10097.34	10096.72	100.0	9996.72
136	buy	CLOSE	USDCHF	05:04:2018 10:10:30	CSV Order #68 - CLOSED	0.1	0.9625	0.0	0.0	10.040000000000001	0.0	-0.35000000000000003	10107.73	10107.73	0.0	10107.73
138	buy	OPEN	USDCHF	06:04:2018 08:00:00	CSV Order #69	0.1	0.96296	0.96396	0.96196	0.0	0.0	0.0	10107.73	10106.9	100.0	10006.9
138	buy	CLOSE	USDCHF	06:04:2018 08:41:40	CSV Order #69 - CLOSED	0.1	0.96195	0.0	0.0	-10.85	0.0	-0.35000000000000003	10097.23	10097.23	0.0	10097.23
140	sell	OPEN	USDCHF	09:04:2018 08:00:00	CSV Order #70	0.1	0.95969	0.95869	0.96069	0.0	0.0	0.0	10097.23	10096.6	100.0	9996.6
140	sell	CLOSE	USDCHF	09:04:2018 13:13:32	CSV Order #70 - CLOSED	0.1	0.96069	0.0	0.0	-10.76	0.0	-0.35000000000000003	10086.82	10086.82	0.0	10086.82
142	sell	OPEN	USDCHF	10:04:2018 08:00:00	CSV Order #71	0.1	0.9566	0.9556	0.9576	0.0	0.0	0.0	10086.82	10086.09	100.0	9986.09
142	sell	CLOSE	USDCHF	10:04:2018 09:07:36	CSV Order #71 - CLOSED	0.1	0.9576	0.0	0.0	-10.79	0.0	-0.35000000000000003	10076.38	10076.38	0.0	10076.38
144	buy	OPEN	USDCHF	11:04:2018 08:00:00	CSV Order #72	0.1	0.95641	0.95741	0.95541	0.0	0.0	0.0	10076.38	10075.54	100.0	9975.54
144	buy	CLOSE	USDCHF	11:04:2018 10:32:42	CSV Order #72 - CLOSED	0.1	0.95741	0.0	0.0	10.09	0.0	-0.35000000000000003	10086.82	10086.82	0.0	10086.82
146	buy	OPEN	USDCHF	12:04:2018 08:00:00	CSV Order #73	0.1	0.95894	0.95994	0.95794	0.0	0.0	0.0	10086.82	10085.88	100.0	9985.88
146	buy	CLOSE	USDCHF	12:04:2018 08:37:37	CSV Order #73 - CLOSED	0.1	0.95994	0.0	0.0	10.07	0.0	-0.35000000000000003	10097.24	10097.24	0.0	10097.24
148	buy	OPEN	USDCHF	13:04:2018 08:00:00	CSV Order #74	0.1	0.9628	0.9638	0.9618	0.0	0.0	0.0	10097.24	10096.31	100.0	9996.31
148	buy	CLOSE	USDCHF	13:04:2018 09:46:35	CSV Order #74 - CLOSED	0.1	0.96381	0.0	0.0	10.13	0.0	-0.35000000000000003	10107.72	10107.72	0.0	10107.72
150	buy	OPEN	USDCHF	16:04:2018 08:00:00	CSV Order #75	0.1	0.96309	0.96409	0.96209	0.0	0.0	0.0	10107.72	10107.2	100.0	10007.2
150	buy	CLOSE	USDCHF	16:04:2018 10:52:37	CSV Order #75 - CLOSED	0.1	0.96208	0.0	0.0	-10.85	0.0	-0.35000000000000003	10097.22	10097.22	0.0	10097.22
152	sell	OPEN	USDCHF	17:04:2018 08:00:00	CSV Order #76	0.1	0.96057	0.95957	0.96157	0.0	0.0	0.0	10097.22	10096.8	100.0	9996.8
152	sell	CLOSE	USDCHF	17:04:2018 09:18:31	CSV Order #76 - CLOSED	0.1	0.95956	0.0	0.0	10.18	0.0	-0.35000000000000003	10107.75	10107.75	0.0	10107.75
154	buy	OPEN	USDCHF	18:04:2018 08:00:00	CSV Order #77	0.1	0.96733	0.96833	0.96633	0.0	0.0	0.0	10107.75	10107.03	100.0	10007.03
154	buy	CLOSE	USDCHF	18:04:2018 10:00:40	CSV Order #77 - CLOSED	0.1	0.96833	0.0	0.0	9.98	0.0	-0.35000000000000003	10118.08	10118.08	0.0	10118.08
156	buy	OPEN	USDCHF	19:04:2018 08:00:30	CSV Order #78	0.1	0.96864	0.96964	0.96764	0.0	0.0	0.0	10118.08	10117.15	100.0	10017.15
156	buy	CLOSE	USDCHF	19:04:2018 10:09:41	CSV Order #78 - CLOSED	0.1	0.96764	0.0	0.0	-10.68	0.0	-0.35000000000000003	10107.75	10107.75	0.0	10107.75
158	buy	OPEN	USDCHF	20:04:2018 08:00:00	CSV Order #79	0.1	0.97209	0.97309	0.97109	0.0	0.0	0.0	10107.75	10106.82	100.0	10006.82
158	buy	CLOSE	USDCHF	20:04:2018 10:13:42	CSV Order #79 - CLOSED	0.1	0.97109	0.0	0.0	-10.65	0.0	-0.35000000000000003	10097.45	10097.45	0.0	10097.45
160	buy	OPEN	USDCHF	23:04:2018 08:00:00	CSV Order #80	0.1	0.97567	0.97667	0.97467	0.0	0.0	0.0	10097.45	10096.63	100.0	9996.63
160	buy	CLOSE	USDCHF	23:04:2018 10:01:40	CSV Order #80 - CLOSED	0.1	0.97467	0.0	0.0	-10.61	0.0	-0.35000000000000003	10087.19	10087.19	0.0	10087.19
162	buy	OPEN	USDCHF	24:04:2018 08:00:00	CSV Order #81	0.1	0.97816	0.97916	0.97716	0.0	0.0	0.0	10087.19	10086.58	100.0	9986.58
162	buy	CLOSE	USDCHF	24:04:2018 09:23:35	CSV Order #81 - CLOSED	0.1	0.97715	0.0	0.0	-10.69	0.0	-0.35000000000000003	10076.85	10076.85	0.0	10076.85
164	buy	OPEN	USDCHF	25:04:2018 08:00:00	CSV Order #82	0.1	0.98102	0.98202	0.98002	0.0	0.0	0.0	10076.85	10076.14	100.0	9976.14
164	buy	CLOSE	USDCHF	25:04:2018 09:31:27	CSV Order #82 - CLOSED	0.1	0.98204	0.0	0.0	10.040000000000001	0.0	-0.35000000000000003	10087.24	10087.24	0.0	10087.24
166	buy	OPEN	USDCHF	26:04:2018 08:00:00	CSV Order #83	0.1	0.98272	0.98372	0.98172	0.0	0.0	0.0	10087.24	10086.83	100.0	9986.83
166	buy	CLOSE	USDCHF	26:04:2018 09:53:36	CSV Order #83 - CLOSED	0.1	0.98172	0.0	0.0	-10.54	0.0	-0.35000000000000003	10077.05	10077.05	0.0	10077.05
168	buy	OPEN	USDCHF	27:04:2018 08:00:00	CSV Order #84	0.1	0.98906	0.99006	0.98806	0.0	0.0	0.0	10077.05	10076.34	100.0	9976.34
168	buy	CLOSE	USDCHF	27:04:2018 09:15:37	CSV Order #84 - CLOSED	0.1	0.99006	0.0	0.0	9.75	0.0	-0.35000000000000003	10087.15	10087.15	0.0	10087.15
170	sell	OPEN	USDCHF	30:04:2018 08:00:00	CSV Order #85	0.1	0.98777	0.98677	0.98877	0.0	0.0	0.0	10087.15	10086.64	100.0	9986.64
170	sell	CLOSE	USDCHF	30:04:2018 10:32:43	CSV Order #85 - CLOSED	0.1	0.98877	0.0	0.0	-10.459999999999999	0.0	-0.35000000000000003	10077.04	10077.04	0.0	10077.04
172	buy	OPEN	USDCHF	01:05:2018 08:00:00	CSV Order #86	0.1	0.99178	0.99278	0.99078	0.0	0.0	0.0	10077.04	10076.33	100.0	9976.33
172	buy	CLOSE	USDCHF	01:05:2018 11:11:05	CSV Order #86 - CLOSED	0.1	0.99278	0.0	0.0	9.72	0.0	-0.35000000000000003	10087.11	10087.11	0.0	10087.11
174	buy	OPEN	USDCHF	02:05:2018 08:00:00	CSV Order #87	0.1	0.99601	0.99701	0.99501	0.0	0.0	0.0	10087.11	10086.51	100.0	9986.51
174	buy	CLOSE	USDCHF	02:05:2018 09:57:20	CSV Order #87 - CLOSED	0.1	0.99501	0.0	0.0	-10.4	0.0	-0.35000000000000003	10077.06	10077.06	0.0	10077.06
176	buy	OPEN	USDCHF	03:05:2018 08:00:00	CSV Order #88	0.1	0.99704	0.99804	0.99604	0.0	0.0	0.0	10077.06	10076.46	100.0	9976.46
176	buy	CLOSE	USDCHF	03:05:2018 09:43:59	CSV Order #88 - CLOSED	0.1	0.99604	0.0	0.0	-10.389999999999999	0.0	-0.35000000000000003	10067.02	10067.02	0.0	10067.02
178	sell	OPEN	USDCHF	04:05:2018 08:00:00	CSV Order #89	0.1	0.9978	0.9968	0.9988	0.0	0.0	0.0	10067.02	10066.72	100.0	9966.72
178	sell	CLOSE	USDCHF	04:05:2018 09:18:36	CSV Order #89 - CLOSED	0.1	0.99882	0.0	0.0	-10.56	0.0	-0.35000000000000003	10056.81	10056.81	0.0	10056.81
180	buy	OPEN	USDCHF	07:05:2018 08:00:00	CSV Order #90	0.1	0.99959	1.0005899999999999	0.99859	0.0	0.0	0.0	10056.81	10056.11	100.0	9956.11
180	buy	CLOSE	USDCHF	07:05:2018 08:31:05	CSV Order #90 - CLOSED	0.1	1.00059	0.0	0.0	9.64	0.0	-0.35000000000000003	10066.8	10066.8	0.0	10066.8
182	buy	OPEN	USDCHF	08:05:2018 08:00:00	CSV Order #91	0.1	1.00339	1.00439	1.0023900000000001	0.0	0.0	0.0	10066.8	10066.1	100.0	9966.1
182	buy	CLOSE	USDCHF	08:05:2018 09:05:40	CSV Order #91 - CLOSED	0.1	1.00239	0.0	0.0	-10.33	0.0	-0.35000000000000003	10056.82	10056.82	0.0	10056.82
184	sell	OPEN	USDCHF	09:05:2018 08:00:00	CSV Order #92	0.1	1.00289	1.0018900000000002	1.00389	0.0	0.0	0.0	10056.82	10056.12	100.0	9956.12
184	sell	CLOSE	USDCHF	09:05:2018 09:11:06	CSV Order #92 - CLOSED	0.1	1.00389	0.0	0.0	-10.31	0.0	-0.35000000000000003	10046.86	10046.86	0.0	10046.86
186	buy	OPEN	USDCHF	10:05:2018 08:00:00	CSV Order #93	0.1	1.00353	1.00453	1.0025300000000001	0.0	0.0	0.0	10046.86	10046.46	100.0	9946.46
186	buy	CLOSE	USDCHF	10:05:2018 10:00:17	CSV Order #93 - CLOSED	0.1	1.00457	0.0	0.0	10.0	0.0	-0.35000000000000003	10057.21	10057.21	0.0	10057.21
188	sell	OPEN	USDCHF	11:05:2018 08:00:00	CSV Order #94	0.1	1.00308	1.00208	1.0040799999999999	0.0	0.0	0.0	10057.21	10056.51	100.0	9956.51
188	sell	CLOSE	USDCHF	11:05:2018 11:30:37	CSV Order #94 - CLOSED	0.1	1.00207	0.0	0.0	9.73	0.0	-0.35000000000000003	10067.29	10067.29	0.0	10067.29
190	sell	OPEN	USDCHF	14:05:2018 08:00:00	CSV Order #95	0.1	0.99984	0.99884	1.00084	0.0	0.0	0.0	10067.29	10066.49	100.0	9966.49
190	sell	CLOSE	USDCHF	14:05:2018 10:20:59	CSV Order #95 - CLOSED	0.1	0.99881	0.0	0.0	9.96	0.0	-0.35000000000000003	10077.6	10077.6	0.0	10077.6
192	buy	OPEN	USDCHF	15:05:2018 08:00:00	CSV Order #96	0.1	1.00188	1.00288	1.0008800000000002	0.0	0.0	0.0	10077.6	10077.0	100.0	9977.0
192	buy	CLOSE	USDCHF	15:05:2018 09:25:16	CSV Order #96 - CLOSED	0.1	1.00088	0.0	0.0	-10.34	0.0	-0.35000000000000003	10067.61	10067.61	0.0	10067.61
194	buy	OPEN	USDCHF	16:05:2018 08:00:00	CSV Order #97	0.1	1.00037	1.0013699999999999	0.99937	0.0	0.0	0.0	10067.61	10067.01	100.0	9967.01
194	buy	CLOSE	USDCHF	16:05:2018 09:14:56	CSV Order #97 - CLOSED	0.1	0.99937	0.0	0.0	-10.36	0.0	-0.35000000000000003	10057.6	10057.6	0.0	10057.6
196	sell	OPEN	USDCHF	17:05:2018 08:00:00	CSV Order #98	0.1	0.99994	0.99894	1.00094	0.0	0.0	0.0	10057.6	10057.5	100.0	9957.5
196	sell	CLOSE	USDCHF	17:05:2018 09:17:32	CSV Order #98 - CLOSED	0.1	1.00097	0.0	0.0	-10.639999999999999	0.0	-0.35000000000000003	10047.31	10047.31	0.0	10047.31
198	buy	OPEN	USDCHF	18:05:2018 08:00:00	CSV Order #99	0.1	1.00094	1.0019399999999998	0.9999399999999999	0.0	0.0	0.0	10047.31	10046.71	100.0	9946.71
198	buy	CLOSE	USDCHF	18:05:2018 09:10:38	CSV Order #99 - CLOSED	0.1	0.99993	0.0	0.0	-10.45	0.0	-0.35000000000000003	10037.21	10037.21	0.0	10037.21
200	sell	OPEN	USDCHF	21:05:2018 08:00:00	CSV Order #100	0.1	0.99923	0.99823	1.00023	0.0	0.0	0.0	10037.21	10036.71	100.0	9936.71
200	sell	CLOSE	USDCHF	21:05:2018 16:05:38	CSV Order #100 - CLOSED	0.1	0.99823	0.0	0.0	9.67	0.0	-0.35000000000000003	10047.23	10047.23	0.0	10047.23
202	sell	OPEN	USDCHF	22:05:2018 08:00:00	CSV Order #101	0.1	0.99679	0.99579	0.99779	0.0	0.0	0.0	10047.23	10046.33	100.0	9946.33
202	sell	CLOSE	USDCHF	22:05:2018 09:27:53	CSV Order #101 - CLOSED	0.1	0.99779	0.0	0.0	-10.37	0.0	-0.35000000000000003	10037.21	10037.21	0.0	10037.21
204	sell	OPEN	USDCHF	23:05:2018 08:00:00	CSV Order #102	0.1	0.99258	0.99158	0.99358	0.0	0.0	0.0	10037.21	10036.71	100.0	9936.71
204	sell	CLOSE	USDCHF	23:05:2018 09:43:23	CSV Order #102 - CLOSED	0.1	0.99158	0.0	0.0	9.73	0.0	-0.35000000000000003	10047.29	10047.29	0.0	10047.29
206	buy	OPEN	USDCHF	24:05:2018 08:00:00	CSV Order #103	0.1	0.99317	0.99417	0.99217	0.0	0.0	0.0	10047.29	10046.59	100.0	9946.59
206	buy	CLOSE	USDCHF	24:05:2018 09:58:30	CSV Order #103 - CLOSED	0.1	0.99417	0.0	0.0	9.71	0.0	-0.35000000000000003	10057.35	10057.35	0.0	10057.35
208	sell	OPEN	USDCHF	25:05:2018 08:00:00	CSV Order #104	0.1	0.99219	0.99119	0.99319	0.0	0.0	0.0	10057.35	10056.24	100.0	9956.24
208	sell	CLOSE	USDCHF	25:05:2018 12:25:41	CSV Order #104 - CLOSED	0.1	0.99319	0.0	0.0	-10.42	0.0	-0.35000000000000003	10047.28	10047.28	0.0	10047.28
210	buy	OPEN	USDCHF	28:05:2018 08:00:00	CSV Order #105	0.1	0.99142	0.99242	0.99042	0.0	0.0	0.0	10047.28	10046.67	100.0	9946.67
210	buy	CLOSE	USDCHF	28:05:2018 10:15:27	CSV Order #105 - CLOSED	0.1	0.99242	0.0	0.0	9.73	0.0	-0.35000000000000003	10057.36	10057.36	0.0	10057.36
212	buy	OPEN	USDCHF	29:05:2018 08:00:00	CSV Order #106	0.1	0.99286	0.99386	0.99186	0.0	0.0	0.0	10057.36	10056.55	100.0	9956.55
212	buy	CLOSE	USDCHF	29:05:2018 09:40:38	CSV Order #106 - CLOSED	0.1	0.99386	0.0	0.0	9.71	0.0	-0.35000000000000003	10067.42	10067.42	0.0	10067.42
214	sell	OPEN	USDCHF	30:05:2018 08:00:00	CSV Order #107	0.1	0.99249	0.99149	0.99349	0.0	0.0	0.0	10067.42	10066.71	100.0	9966.71
214	sell	CLOSE	USDCHF	30:05:2018 08:43:29	CSV Order #107 - CLOSED	0.1	0.99349	0.0	0.0	-10.42	0.0	-0.35000000000000003	10057.35	10057.35	0.0	10057.35
216	sell	OPEN	USDCHF	31:05:2018 08:00:00	CSV Order #108	0.1	0.98825	0.98725	0.98925	0.0	0.0	0.0	10057.35	10056.74	100.0	9956.74
216	sell	CLOSE	USDCHF	31:05:2018 10:34:39	CSV Order #108 - CLOSED	0.1	0.98724	0.0	0.0	9.88	0.0	-0.35000000000000003	10067.58	10067.58	0.0	10067.58
218	sell	OPEN	USDCHF	01:06:2018 08:00:00	CSV Order #109	0.1	0.98776	0.98676	0.98876	0.0	0.0	0.0	10067.58	10066.97	100.0	9966.97
218	sell	CLOSE	USDCHF	01:06:2018 09:56:24	CSV Order #109 - CLOSED	0.1	0.98877	0.0	0.0	-10.56	0.0	-0.35000000000000003	10057.37	10057.37	0.0	10057.37
220	buy	OPEN	USDCHF	04:06:2018 08:00:00	CSV Order #110	0.1	0.98792	0.98892	0.98692	0.0	0.0	0.0	10057.37	10056.76	100.0	9956.76
220	buy	CLOSE	USDCHF	04:06:2018 10:11:39	CSV Order #110 - CLOSED	0.1	0.98691	0.0	0.0	-10.58	0.0	-0.35000000000000003	10047.14	10047.14	0.0	10047.14
222	sell	OPEN	USDCHF	05:06:2018 08:00:00	CSV Order #111	0.1	0.98897	0.98797	0.98997	0.0	0.0	0.0	10047.14	10046.03	100.0	9946.03
222	sell	CLOSE	USDCHF	05:06:2018 09:11:38	CSV Order #111 - CLOSED	0.1	0.98795	0.0	0.0	9.97	0.0	-0.35000000000000003	10057.46	10057.46	0.0	10057.46
224	sell	OPEN	USDCHF	06:06:2018 08:00:00	CSV Order #112	0.1	0.98517	0.98417	0.98617	0.0	0.0	0.0	10057.46	10056.95	100.0	9956.95
224	sell	CLOSE	USDCHF	06:06:2018 09:21:38	CSV Order #112 - CLOSED	0.1	0.98417	0.0	0.0	9.81	0.0	-0.35000000000000003	10067.62	10067.62	0.0	10067.62
226	buy	OPEN	USDCHF	07:06:2018 08:00:00	CSV Order #113	0.1	0.98469	0.98569	0.98369	0.0	0.0	0.0	10067.62	10066.91	100.0	9966.91
226	buy	CLOSE	USDCHF	07:06:2018 10:18:04	CSV Order #113 - CLOSED	0.1	0.98369	0.0	0.0	-10.52	0.0	-0.35000000000000003	10057.45	10057.45	0.0	10057.45
228	sell	OPEN	USDCHF	08:06:2018 08:00:00	CSV Order #114	0.1	0.98043	0.97943	0.98143	0.0	0.0	0.0	10057.45	10056.53	100.0	9956.53
228	sell	CLOSE	USDCHF	08:06:2018 09:14:25	CSV Order #114 - CLOSED	0.1	0.98144	0.0	0.0	-10.639999999999999	0.0	-0.35000000000000003	10047.16	10047.16	0.0	10047.16
230	buy	OPEN	USDCHF	11:06:2018 08:00:00	CSV Order #115	0.1	0.98531	0.98631	0.98431	0.0	0.0	0.0	10047.16	10046.45	100.0	9946.45
230	buy	CLOSE	USDCHF	11:06:2018 09:19:30	CSV Order #115 - CLOSED	0.1	0.98632	0.0	0.0	9.89	0.0	-0.35000000000000003	10057.4	10057.4	0.0	10057.4
232	buy	OPEN	USDCHF	12:06:2018 08:00:00	CSV Order #116	0.1	0.9872	0.9882	0.9862	0.0	0.0	0.0	10057.4	10056.79	100.0	9956.79
232	buy	CLOSE	USDCHF	12:06:2018 09:24:59	CSV Order #116 - CLOSED	0.1	0.98821	0.0	0.0	9.870000000000001	0.0	-0.35000000000000003	10067.62	10067.62	0.0	10067.62
234	buy	OPEN	USDCHF	13:06:2018 08:00:00	CSV Order #117	0.1	0.98752	0.98852	0.98652	0.0	0.0	0.0	10067.62	10067.01	100.0	9967.01
234	buy	CLOSE	USDCHF	13:06:2018 11:03:33	CSV Order #117 - CLOSED	0.1	0.98853	0.0	0.0	9.870000000000001	0.0	-0.35000000000000003	10077.84	10077.84	0.0	10077.84
236	sell	OPEN	USDCHF	14:06:2018 08:00:00	CSV Order #118	0.1	0.98454	0.98354	0.98554	0.0	0.0	0.0	10077.84	10076.82	100.0	9976.82
236	sell	CLOSE	USDCHF	14:06:2018 09:56:04	CSV Order #118 - CLOSED	0.1	0.98354	0.0	0.0	9.82	0.0	-0.35000000000000003	10088.01	10088.01	0.0	10088.01
238	buy	OPEN	USDCHF	15:06:2018 08:00:00	CSV Order #119	0.1	0.99751	0.99851	0.99651	0.0	0.0	0.0	10088.01	10087.41	100.0	9987.41
238	buy	CLOSE	USDCHF	15:06:2018 10:05:45	CSV Order #119 - CLOSED	0.1	0.99851	0.0	0.0	9.66	0.0	-0.35000000000000003	10098.02	10098.02	0.0	10098.02
240	buy	OPEN	USDCHF	18:06:2018 08:00:00	CSV Order #120	0.1	0.99694	0.99794	0.99594	0.0	0.0	0.0	10098.02	10097.32	100.0	9997.32
240	buy	CLOSE	USDCHF	18:06:2018 09:39:04	CSV Order #120 - CLOSED	0.1	0.99794	0.0	0.0	9.67	0.0	-0.35000000000000003	10108.04	10108.04	0.0	10108.04
242	sell	OPEN	USDCHF	19:06:2018 08:00:00	CSV Order #121	0.1	0.99275	0.99175	0.99375	0.0	0.0	0.0	10108.04	10107.54	100.0	10007.54
242	sell	CLOSE	USDCHF	19:06:2018 09:54:39	CSV Order #121 - CLOSED	0.1	0.99375	0.0	0.0	-10.41	0.0	-0.35000000000000003	10097.98	10097.98	0.0	10097.98
244	sell	OPEN	USDCHF	20:06:2018 08:00:00	CSV Order #122	0.1	0.99581	0.99481	0.99681	0.0	0.0	0.0	10097.98	10097.28	100.0	9997.28
244	sell	CLOSE	USDCHF	20:06:2018 10:05:40	CSV Order #122 - CLOSED	0.1	0.99682	0.0	0.0	-10.48	0.0	-0.35000000000000003	10087.85	10087.85	0.0	10087.85
246	buy	OPEN	USDCHF	21:06:2018 08:00:00	CSV Order #123	0.1	0.99787	0.99887	0.99687	0.0	0.0	0.0	10087.85	10087.05	100.0	9987.05
246	buy	CLOSE	USDCHF	21:06:2018 10:20:30	CSV Order #123 - CLOSED	0.1	0.99687	0.0	0.0	-10.379999999999999	0.0	-0.35000000000000003	10077.82	10077.82	0.0	10077.82
248	sell	OPEN	USDCHF	22:06:2018 08:00:00	CSV Order #124	0.1	0.99086	0.98986	0.99186	0.0	0.0	0.0	10077.82	10077.32	100.0	9977.32
248	sell	CLOSE	USDCHF	22:06:2018 09:24:12	CSV Order #124 - CLOSED	0.1	0.98985	0.0	0.0	9.85	0.0	-0.35000000000000003	10088.02	10088.02	0.0	10088.02
250	sell	OPEN	USDCHF	25:06:2018 08:00:00	CSV Order #125	0.1	0.98741	0.98641	0.98841	0.0	0.0	0.0	10088.02	10087.72	100.0	9987.72
250	sell	CLOSE	USDCHF	25:06:2018 08:57:05	CSV Order #125 - CLOSED	0.1	0.98842	0.0	0.0	-10.57	0.0	-0.35000000000000003	10077.8	10077.8	0.0	10077.8
252	sell	OPEN	USDCHF	26:06:2018 08:00:00	CSV Order #126	0.1	0.9863	0.9853	0.9873	0.0	0.0	0.0	10077.8	10077.09	100.0	9977.09
252	sell	CLOSE	USDCHF	26:06:2018 09:24:25	CSV Order #126 - CLOSED	0.1	0.9873	0.0	0.0	-10.48	0.0	-0.35000000000000003	10067.67	10067.67	0.0	10067.67
254	buy	OPEN	USDCHF	27:06:2018 08:00:00	CSV Order #127	0.1	0.99107	0.99207	0.99007	0.0	0.0	0.0	10067.67	10066.76	100.0	9966.76
254	buy	CLOSE	USDCHF	27:06:2018 09:41:03	CSV Order #127 - CLOSED	0.1	0.99007	0.0	0.0	-10.45	0.0	-0.35000000000000003	10057.57	10057.57	0.0	10057.57
256	buy	OPEN	USDCHF	28:06:2018 08:00:00	CSV Order #128	0.1	0.99737	0.99837	0.99637	0.0	0.0	0.0	10057.57	10056.57	100.0	9956.57
256	buy	CLOSE	USDCHF	28:06:2018 09:32:29	CSV Order #128 - CLOSED	0.1	0.99837	0.0	0.0	9.67	0.0	-0.35000000000000003	10067.59	10067.59	0.0	10067.59
258	buy	OPEN	USDCHF	29:06:2018 08:00:00	CSV Order #129	0.1	0.99387	0.99487	0.99287	0.0	0.0	0.0	10067.59	10066.79	100.0	9966.79
258	buy	CLOSE	USDCHF	29:06:2018 10:13:14	CSV Order #129 - CLOSED	0.1	0.99487	0.0	0.0	9.700000000000001	0.0	-0.35000000000000003	10077.64	10077.64	0.0	10077.64
260	sell	OPEN	USDCHF	02:07:2018 08:00:00	CSV Order #130	0.1	0.99215	0.99115	0.99315	0.0	0.0	0.0	10077.64	10076.53	100.0	9976.53
260	sell	CLOSE	USDCHF	02:07:2018 11:48:14	CSV Order #130 - CLOSED	0.1	0.99115	0.0	0.0	9.74	0.0	-0.35000000000000003	10087.73	10087.73	0.0	10087.73
262	buy	OPEN	USDCHF	03:07:2018 08:00:00	CSV Order #131	0.1	0.99459	0.99559	0.99359	0.0	0.0	0.0	10087.73	10086.93	100.0	9986.93
262	buy	CLOSE	USDCHF	03:07:2018 09:10:05	CSV Order #131 - CLOSED	0.1	0.99359	0.0	0.0	-10.41	0.0	-0.35000000000000003	10077.67	10077.67	0.0	10077.67
264	sell	OPEN	USDCHF	04:07:2018 08:00:00	CSV Order #132	0.1	0.99204	0.99104	0.99304	0.0	0.0	0.0	10077.67	10076.86	100.0	9976.86
264	sell	CLOSE	USDCHF	04:07:2018 09:22:24	CSV Order #132 - CLOSED	0.1	0.99104	0.0	0.0	9.74	0.0	-0.35000000000000003	10087.76	10087.76	0.0	10087.76
266	buy	OPEN	USDCHF	05:07:2018 08:00:00	CSV Order #133	0.1	0.99359	0.99459	0.99259	0.0	0.0	0.0	10087.76	10087.26	100.0	9987.26
266	buy	CLOSE	USDCHF	05:07:2018 08:55:59	CSV Order #133 - CLOSED	0.1	0.99256	0.0	0.0	-10.73	0.0	-0.35000000000000003	10077.38	10077.38	0.0	10077.38
268	buy	OPEN	USDCHF	06:07:2018 08:00:00	CSV Order #134	0.1	0.99373	0.99473	0.99273	0.0	0.0	0.0	10077.38	10076.68	100.0	9976.68
268	buy	CLOSE	USDCHF	06:07:2018 09:04:38	CSV Order #134 - CLOSED	0.1	0.99272	0.0	0.0	-10.52	0.0	-0.35000000000000003	10067.21	10067.21	0.0	10067.21
270	sell	OPEN	USDCHF	09:07:2018 08:00:00	CSV Order #135	0.1	0.9884	0.9873999999999999	0.9894	0.0	0.0	0.0	10067.21	10066.5	100.0	9966.5
270	sell	CLOSE	USDCHF	09:07:2018 09:09:39	CSV Order #135 - CLOSED	0.1	0.9874	0.0	0.0	9.780000000000001	0.0	-0.35000000000000003	10077.34	10077.34	0.0	10077.34
272	buy	OPEN	USDCHF	10:07:2018 08:00:00	CSV Order #136	0.1	0.99275	0.99375	0.99175	0.0	0.0	0.0	10077.34	10076.63	100.0	9976.63
272	buy	CLOSE	USDCHF	10:07:2018 09:43:37	CSV Order #136 - CLOSED	0.1	0.99174	0.0	0.0	-10.53	0.0	-0.35000000000000003	10067.16	10067.16	0.0	10067.16
274	buy	OPEN	USDCHF	11:07:2018 08:00:00	CSV Order #137	0.1	0.99222	0.99322	0.99122	0.0	0.0	0.0	10067.16	10066.35	100.0	9966.35
274	buy	CLOSE	USDCHF	11:07:2018 09:15:24	CSV Order #137 - CLOSED	0.1	0.99122	0.0	0.0	-10.44	0.0	-0.35000000000000003	10057.07	10057.07	0.0	10057.07
276	buy	OPEN	USDCHF	12:07:2018 08:00:00	CSV Order #138	0.1	0.99555	0.99655	0.99455	0.0	0.0	0.0	10057.07	10056.57	100.0	9956.57
276	buy	CLOSE	USDCHF	12:07:2018 11:34:14	CSV Order #138 - CLOSED	0.1	0.99656	0.0	0.0	9.780000000000001	0.0	-0.35000000000000003	10067.2	10067.2	0.0	10067.2
278	buy	OPEN	USDCHF	13:07:2018 08:00:00	CSV Order #139	0.1	1.00234	1.00334	1.0013400000000001	0.0	0.0	0.0	10067.2	10066.8	100.0	9966.8
278	buy	CLOSE	USDCHF	13:07:2018 09:48:35	CSV Order #139 - CLOSED	0.1	1.00334	0.0	0.0	9.620000000000001	0.0	-0.35000000000000003	10077.17	10077.17	0.0	10077.17
280	sell	OPEN	USDCHF	16:07:2018 08:00:00	CSV Order #140	0.1	1.00142	1.00042	1.0024199999999999	0.0	0.0	0.0	10077.17	10076.77	100.0	9976.77
280	sell	CLOSE	USDCHF	16:07:2018 09:49:59	CSV Order #140 - CLOSED	0.1	1.00042	0.0	0.0	9.65	0.0	-0.35000000000000003	10087.17	10087.17	0.0	10087.17
282	sell	OPEN	USDCHF	17:07:2018 08:00:00	CSV Order #141	0.1	0.99633	0.99533	0.99733	0.0	0.0	0.0	10087.17	10086.47	100.0	9986.47
282	sell	CLOSE	USDCHF	17:07:2018 10:14:33	CSV Order #141 - CLOSED	0.1	0.99533	0.0	0.0	9.700000000000001	0.0	-0.35000000000000003	10097.22	10097.22	0.0	10097.22
284	buy	OPEN	USDCHF	18:07:2018 08:00:00	CSV Order #142	0.1	1.00166	1.0026599999999999	1.00066	0.0	0.0	0.0	10097.22	10096.42	100.0	9996.42
284	buy	CLOSE	USDCHF	18:07:2018 09:29:36	CSV Order #142 - CLOSED	0.1	1.00267	0.0	0.0	9.72	0.0	-0.35000000000000003	10107.29	10107.29	0.0	10107.29
286	sell	OPEN	USDCHF	19:07:2018 08:00:00	CSV Order #143	0.1	0.99901	0.99801	1.0000099999999998	0.0	0.0	0.0	10107.29	10106.49	100.0	10006.49
286	sell	CLOSE	USDCHF	19:07:2018 09:17:05	CSV Order #143 - CLOSED	0.1	1.00001	0.0	0.0	-10.35	0.0	-0.35000000000000003	10097.29	10097.29	0.0	10097.29
288	buy	OPEN	USDCHF	20:07:2018 08:00:00	CSV Order #144	0.1	0.99832	0.99932	0.99732	0.0	0.0	0.0	10097.29	10096.59	100.0	9996.59
288	buy	CLOSE	USDCHF	20:07:2018 09:34:39	CSV Order #144 - CLOSED	0.1	0.99932	0.0	0.0	9.66	0.0	-0.35000000000000003	10107.3	10107.3	0.0	10107.3
290	sell	OPEN	USDCHF	23:07:2018 08:00:00	CSV Order #145	0.1	0.99104	0.99004	0.99204	0.0	0.0	0.0	10107.3	10105.99	100.0	10005.99
290	sell	CLOSE	USDCHF	23:07:2018 09:57:20	CSV Order #145 - CLOSED	0.1	0.99204	0.0	0.0	-10.43	0.0	-0.35000000000000003	10097.22	10097.22	0.0	10097.22
292	buy	OPEN	USDCHF	24:07:2018 08:00:00	CSV Order #146	0.1	0.99395	0.99495	0.99295	0.0	0.0	0.0	10097.22	10095.91	100.0	9995.91
292	buy	CLOSE	USDCHF	24:07:2018 09:38:38	CSV Order #146 - CLOSED	0.1	0.99496	0.0	0.0	9.8	0.0	-0.35000000000000003	10107.37	10107.37	0.0	10107.37
294	buy	OPEN	USDCHF	25:07:2018 08:00:00	CSV Order #147	0.1	0.99407	0.99507	0.99307	0.0	0.0	0.0	10107.37	10105.86	100.0	10005.86
294	buy	CLOSE	USDCHF	25:07:2018 08:22:35	CSV Order #147 - CLOSED	0.1	0.99307	0.0	0.0	-10.42	0.0	-0.35000000000000003	10097.3	10097.3	0.0	10097.3
296	sell	OPEN	USDCHF	26:07:2018 08:00:00	CSV Order #148	0.1	0.99135	0.99035	0.99235	0.0	0.0	0.0	10097.3	10095.99	100.0	9995.99
296	sell	CLOSE	USDCHF	26:07:2018 10:58:04	CSV Order #148 - CLOSED	0.1	0.99236	0.0	0.0	-10.53	0.0	-0.35000000000000003	10087.12	10087.12	0.0	10087.12
298	buy	OPEN	USDCHF	27:07:2018 08:00:00	CSV Order #149	0.1	0.99403	0.99503	0.99303	0.0	0.0	0.0	10087.12	10085.51	100.0	9985.51
298	buy	CLOSE	USDCHF	27:07:2018 10:00:33	CSV Order #149 - CLOSED	0.1	0.99503	0.0	0.0	9.700000000000001	0.0	-0.35000000000000003	10097.17	10097.17	0.0	10097.17
300	sell	OPEN	USDCHF	30:07:2018 08:00:00	CSV Order #150	0.1	0.9948	0.9938	0.9958	0.0	0.0	0.0	10097.17	10095.66	100.0	9995.66
300	sell	CLOSE	USDCHF	30:07:2018 10:51:59	CSV Order #150 - CLOSED	0.1	0.9938	0.0	0.0	9.71	0.0	-0.35000000000000003	10107.23	10107.23	0.0	10107.23
302	sell	OPEN	USDCHF	31:07:2018 08:00:00	CSV Order #151	0.1	0.98721	0.98621	0.98821	0.0	0.0	0.0	10107.23	10106.01	100.0	10006.01
302	sell	CLOSE	USDCHF	31:07:2018 09:27:05	CSV Order #151 - CLOSED	0.1	0.98821	0.0	0.0	-10.469999999999999	0.0	-0.35000000000000003	10097.11	10097.11	0.0	10097.11
304	buy	OPEN	USDCHF	01:08:2018 08:00:00	CSV Order #152	0.1	0.99302	0.99402	0.99202	0.0	0.0	0.0	10097.11	10095.9	100.0	9995.9
304	buy	CLOSE	USDCHF	01:08:2018 10:02:33	CSV Order #152 - CLOSED	0.1	0.99201	0.0	0.0	-10.53	0.0	-0.35000000000000003	10086.93	10086.93	0.0	10086.93
306	buy	OPEN	USDCHF	02:08:2018 08:00:00	CSV Order #153	0.1	0.99304	0.99404	0.99204	0.0	0.0	0.0	10086.93	10085.62	100.0	9985.62
306	buy	CLOSE	USDCHF	02:08:2018 09:59:33	CSV Order #153 - CLOSED	0.1	0.99405	0.0	0.0	9.81	0.0	-0.35000000000000003	10097.09	10097.09	0.0	10097.09
308	buy	OPEN	USDCHF	03:08:2018 08:00:00	CSV Order #154	0.1	0.99556	0.99656	0.99456	0.0	0.0	0.0	10097.09	10095.78	100.0	9995.78
308	buy	CLOSE	USDCHF	03:08:2018 14:10:17	CSV Order #154 - CLOSED	0.1	0.99456	0.0	0.0	-10.4	0.0	-0.35000000000000003	10087.04	10087.04	0.0	10087.04
310	sell	OPEN	USDCHF	06:08:2018 08:00:00	CSV Order #155	0.1	0.99533	0.99433	0.99633	0.0	0.0	0.0	10087.04	10085.83	100.0	9985.83
310	sell	CLOSE	USDCHF	06:08:2018 13:14:32	CSV Order #155 - CLOSED	0.1	0.99633	0.0	0.0	-10.389999999999999	0.0	-0.35000000000000003	10077.0	10077.0	0.0	10077.0
312	buy	OPEN	USDCHF	07:08:2018 08:00:00	CSV Order #156	0.1	0.99623	0.99723	0.99523	0.0	0.0	0.0	10077.0	10075.7	100.0	9975.7
312	buy	CLOSE	USDCHF	07:08:2018 09:30:38	CSV Order #156 - CLOSED	0.1	0.99522	0.0	0.0	-10.5	0.0	-0.35000000000000003	10066.85	10066.85	0.0	10066.85
314	sell	OPEN	USDCHF	08:08:2018 08:00:00	CSV Order #157	0.1	0.99399	0.99299	0.99499	0.0	0.0	0.0	10066.85	10065.54	100.0	9965.54
314	sell	CLOSE	USDCHF	08:08:2018 09:33:34	CSV Order #157 - CLOSED	0.1	0.99499	0.0	0.0	-10.4	0.0	-0.35000000000000003	10056.8	10056.8	0.0	10056.8
316	sell	OPEN	USDCHF	09:08:2018 08:00:00	CSV Order #158	0.1	0.99343	0.99243	0.99443	0.0	0.0	0.0	10056.8	10055.29	100.0	9955.29
316	sell	CLOSE	USDCHF	09:08:2018 10:28:13	CSV Order #158 - CLOSED	0.1	0.99443	0.0	0.0	-10.41	0.0	-0.35000000000000003	10046.74	10046.74	0.0	10046.74
318	buy	OPEN	USDCHF	10:08:2018 08:00:00	CSV Order #159	0.1	0.99429	0.99529	0.99329	0.0	0.0	0.0	10046.74	10045.33	100.0	9945.33
318	buy	CLOSE	USDCHF	10:08:2018 08:15:56	CSV Order #159 - CLOSED	0.1	0.99529	0.0	0.0	9.700000000000001	0.0	-0.35000000000000003	10056.79	10056.79	0.0	10056.79
320	buy	OPEN	USDCHF	13:08:2018 08:00:00	CSV Order #160	0.1	0.99314	0.99414	0.99214	0.0	0.0	0.0	10056.79	10055.58	100.0	9955.58
320	buy	CLOSE	USDCHF	13:08:2018 08:09:34	CSV Order #160 - CLOSED	0.1	0.99214	0.0	0.0	-10.43	0.0	-0.35000000000000003	10046.71	10046.71	0.0	10046.71
322	sell	OPEN	USDCHF	14:08:2018 08:00:00	CSV Order #161	0.1	0.99428	0.99328	0.99528	0.0	0.0	0.0	10046.71	10045.4	100.0	9945.4
322	sell	CLOSE	USDCHF	14:08:2018 09:26:05	CSV Order #161 - CLOSED	0.1	0.99327	0.0	0.0	9.82	0.0	-0.35000000000000003	10056.88	10056.88	0.0	10056.88
324	buy	OPEN	USDCHF	15:08:2018 08:00:00	CSV Order #162	0.1	0.9963	0.9973	0.9953	0.0	0.0	0.0	10056.88	10055.47	100.0	9955.47
324	buy	CLOSE	USDCHF	15:08:2018 10:59:34	CSV Order #162 - CLOSED	0.1	0.99733	0.0	0.0	9.98	0.0	-0.35000000000000003	10067.21	10067.21	0.0	10067.21
326	sell	OPEN	USDCHF	16:08:2018 08:00:00	CSV Order #163	0.1	0.99227	0.99127	0.99327	0.0	0.0	0.0	10067.21	10065.7	100.0	9965.7
326	sell	CLOSE	USDCHF	16:08:2018 10:09:30	CSV Order #163 - CLOSED	0.1	0.99331	0.0	0.0	-10.82	0.0	-0.35000000000000003	10056.74	10056.74	0.0	10056.74
328	buy	OPEN	USDCHF	17:08:2018 08:00:00	CSV Order #164	0.1	0.99695	0.99795	0.99595	0.0	0.0	0.0	10056.74	10055.24	100.0	9955.24
328	buy	CLOSE	USDCHF	17:08:2018 09:50:14	CSV Order #164 - CLOSED	0.1	0.99595	0.0	0.0	-10.389999999999999	0.0	-0.35000000000000003	10046.7	10046.7	0.0	10046.7
330	sell	OPEN	USDCHF	20:08:2018 08:00:00	CSV Order #165	0.1	0.99475	0.99375	0.99575	0.0	0.0	0.0	10046.7	10045.09	100.0	9945.09
330	sell	CLOSE	USDCHF	20:08:2018 11:40:26	CSV Order #165 - CLOSED	0.1	0.99575	0.0	0.0	-10.389999999999999	0.0	-0.35000000000000003	10036.66	10036.66	0.0	10036.66
332	sell	OPEN	USDCHF	21:08:2018 08:00:00	CSV Order #166	0.1	0.98828	0.98728	0.98928	0.0	0.0	0.0	10036.66	10035.24	100.0	9935.24
332	sell	CLOSE	USDCHF	21:08:2018 10:58:27	CSV Order #166 - CLOSED	0.1	0.98728	0.0	0.0	9.780000000000001	0.0	-0.35000000000000003	10046.79	10046.79	0.0	10046.79
334	sell	OPEN	USDCHF	22:08:2018 08:00:00	CSV Order #167	0.1	0.98442	0.98342	0.98542	0.0	0.0	0.0	10046.79	10045.27	100.0	9945.27
334	sell	CLOSE	USDCHF	22:08:2018 11:06:39	CSV Order #167 - CLOSED	0.1	0.98542	0.0	0.0	-10.5	0.0	-0.35000000000000003	10036.64	10036.64	0.0	10036.64
336	sell	OPEN	USDCHF	23:08:2018 08:00:00	CSV Order #168	0.1	0.98472	0.98372	0.98572	0.0	0.0	0.0	10036.64	10035.22	100.0	9935.22
336	sell	CLOSE	USDCHF	23:08:2018 09:51:00	CSV Order #168 - CLOSED	0.1	0.98372	0.0	0.0	9.82	0.0	-0.35000000000000003	10046.81	10046.81	0.0	10046.81
338	buy	OPEN	USDCHF	24:08:2018 08:00:00	CSV Order #169	0.1	0.98564	0.98664	0.98464	0.0	0.0	0.0	10046.81	10045.39	100.0	9945.39
338	buy	CLOSE	USDCHF	24:08:2018 10:23:40	CSV Order #169 - CLOSED	0.1	0.98461	0.0	0.0	-10.81	0.0	-0.35000000000000003	10036.35	10036.35	0.0	10036.35
340	sell	OPEN	USDCHF	27:08:2018 08:00:00	CSV Order #170	0.1	0.98376	0.98276	0.98476	0.0	0.0	0.0	10036.35	10034.72	100.0	9934.72
340	sell	CLOSE	USDCHF	27:08:2018 12:54:23	CSV Order #170 - CLOSED	0.1	0.98276	0.0	0.0	9.83	0.0	-0.35000000000000003	10046.53	10046.53	0.0	10046.53
342	sell	OPEN	USDCHF	28:08:2018 08:00:00	CSV Order #171	0.1	0.98034	0.97934	0.98134	0.0	0.0	0.0	10046.53	10045.31	100.0	9945.31
342	sell	CLOSE	USDCHF	28:08:2018 10:09:16	CSV Order #171 - CLOSED	0.1	0.97934	0.0	0.0	9.860000000000001	0.0	-0.35000000000000003	10056.74	10056.74	0.0	10056.74
344	sell	OPEN	USDCHF	29:08:2018 08:00:00	CSV Order #172	0.1	0.97644	0.97544	0.97744	0.0	0.0	0.0	10056.74	10055.51	100.0	9955.51
344	sell	CLOSE	USDCHF	29:08:2018 09:41:25	CSV Order #172 - CLOSED	0.1	0.97744	0.0	0.0	-10.58	0.0	-0.35000000000000003	10046.51	10046.51	0.0	10046.51
346	sell	OPEN	USDCHF	30:08:2018 08:00:00	CSV Order #173	0.1	0.9709	0.9699	0.9719	0.0	0.0	0.0	10046.51	10045.07	100.0	9945.07
346	sell	CLOSE	USDCHF	30:08:2018 10:09:01	CSV Order #173 - CLOSED	0.1	0.9699	0.0	0.0	9.96	0.0	-0.35000000000000003	10056.82	10056.82	0.0	10056.82
348	sell	OPEN	USDCHF	31:08:2018 08:00:00	CSV Order #174	0.1	0.96824	0.96724	0.96924	0.0	0.0	0.0	10056.82	10055.58	100.0	9955.58
348	sell	CLOSE	USDCHF	31:08:2018 10:01:35	CSV Order #174 - CLOSED	0.1	0.96724	0.0	0.0	9.99	0.0	-0.35000000000000003	10067.16	10067.16	0.0	10067.16
350	buy	OPEN	USDCHF	03:09:2018 08:00:00	CSV Order #175	0.1	0.96985	0.97085	0.96885	0.0	0.0	0.0	10067.16	10065.82	100.0	9965.82
350	buy	CLOSE	USDCHF	03:09:2018 10:32:27	CSV Order #175 - CLOSED	0.1	0.9688	0.0	0.0	-11.19	0.0	-0.35000000000000003	10056.32	10056.32	0.0	10056.32
352	sell	OPEN	USDCHF	04:09:2018 08:00:00	CSV Order #176	0.1	0.96983	0.96883	0.97083	0.0	0.0	0.0	10056.32	10054.98	100.0	9954.98
352	sell	CLOSE	USDCHF	04:09:2018 09:27:59	CSV Order #176 - CLOSED	0.1	0.97084	0.0	0.0	-10.75	0.0	-0.35000000000000003	10045.92	10045.92	0.0	10045.92
354	buy	OPEN	USDCHF	05:09:2018 08:00:00	CSV Order #177	0.1	0.97364	0.97464	0.97264	0.0	0.0	0.0	10045.92	10044.69	100.0	9944.69
354	buy	CLOSE	USDCHF	05:09:2018 10:05:30	CSV Order #177 - CLOSED	0.1	0.97465	0.0	0.0	10.01	0.0	-0.35000000000000003	10056.28	10056.28	0.0	10056.28
356	sell	OPEN	USDCHF	06:09:2018 08:00:00	CSV Order #178	0.1	0.97041	0.96941	0.97141	0.0	0.0	0.0	10056.28	10054.84	100.0	9954.84
356	sell	CLOSE	USDCHF	06:09:2018 11:21:24	CSV Order #178 - CLOSED	0.1	0.9694	0.0	0.0	10.07	0.0	-0.35000000000000003	10066.7	10066.7	0.0	10066.7
358	sell	OPEN	USDCHF	07:09:2018 08:00:00	CSV Order #179	0.1	0.96492	0.96392	0.96592	0.0	0.0	0.0	10066.7	10065.35	100.0	9965.35
358	sell	CLOSE	USDCHF	07:09:2018 09:01:25	CSV Order #179 - CLOSED	0.1	0.96592	0.0	0.0	-10.7	0.0	-0.35000000000000003	10056.35	10056.35	0.0	10056.35
360	buy	OPEN	USDCHF	10:09:2018 08:00:00	CSV Order #180	0.1	0.96997	0.97097	0.96897	0.0	0.0	0.0	10056.35	10054.91	100.0	9954.91
360	buy	CLOSE	USDCHF	10:09:2018 11:18:27	CSV Order #180 - CLOSED	0.1	0.97097	0.0	0.0	9.950000000000001	0.0	-0.35000000000000003	10066.65	10066.65	0.0	10066.65
362	buy	OPEN	USDCHF	11:09:2018 08:00:00	CSV Order #181	0.1	0.97484	0.97584	0.97384	0.0	0.0	0.0	10066.65	10065.42	100.0	9965.42
362	buy	CLOSE	USDCHF	11:09:2018 10:14:34	CSV Order #181 - CLOSED	0.1	0.97383	0.0	0.0	-10.719999999999999	0.0	-0.35000000000000003	10056.28	10056.28	0.0	10056.28
364	sell	OPEN	USDCHF	12:09:2018 08:00:00	CSV Order #182	0.1	0.97418	0.97318	0.97518	0.0	0.0	0.0	10056.28	10054.74	100.0	9954.74
364	sell	CLOSE	USDCHF	12:09:2018 12:40:32	CSV Order #182 - CLOSED	0.1	0.97316	0.0	0.0	10.13	0.0	-0.35000000000000003	10066.76	10066.76	0.0	10066.76
366	sell	OPEN	USDCHF	13:09:2018 08:00:00	CSV Order #183	0.1	0.96983	0.96883	0.97083	0.0	0.0	0.0	10066.76	10065.32	100.0	9965.32
366	sell	CLOSE	USDCHF	13:09:2018 15:30:24	CSV Order #183 - CLOSED	0.1	0.96883	0.0	0.0	9.97	0.0	-0.35000000000000003	10077.08	10077.08	0.0	10077.08
368	sell	OPEN	USDCHF	14:09:2018 08:00:00	CSV Order #184	0.1	0.96486	0.96386	0.96586	0.0	0.0	0.0	10077.08	10075.63	100.0	9975.63
368	sell	CLOSE	USDCHF	14:09:2018 10:54:27	CSV Order #184 - CLOSED	0.1	0.96385	0.0	0.0	10.13	0.0	-0.35000000000000003	10087.56	10087.56	0.0	10087.56
370	buy	OPEN	USDCHF	17:09:2018 08:00:00	CSV Order #185	0.1	0.96738	0.96838	0.96638	0.0	0.0	0.0	10087.56	10086.01	100.0	9986.01
370	buy	CLOSE	USDCHF	17:09:2018 10:24:32	CSV Order #185 - CLOSED	0.1	0.96638	0.0	0.0	-10.7	0.0	-0.35000000000000003	10077.21	10077.21	0.0	10077.21
372	sell	OPEN	USDCHF	18:09:2018 08:00:00	CSV Order #186	0.1	0.9622	0.9612	0.9632000000000001	0.0	0.0	0.0	10077.21	10075.65	100.0	9975.65
372	sell	CLOSE	USDCHF	18:09:2018 09:10:45	CSV Order #186 - CLOSED	0.1	0.9612	0.0	0.0	10.05	0.0	-0.35000000000000003	10087.61	10087.61	0.0	10087.61
374	buy	OPEN	USDCHF	19:09:2018 08:00:00	CSV Order #187	0.1	0.96424	0.96524	0.96324	0.0	0.0	0.0	10087.61	10086.05	100.0	9986.05
374	buy	CLOSE	USDCHF	19:09:2018 11:55:35	CSV Order #187 - CLOSED	0.1	0.96525	0.0	0.0	10.110000000000001	0.0	-0.35000000000000003	10098.07	10098.07	0.0	10098.07
376	buy	OPEN	USDCHF	20:09:2018 08:00:00	CSV Order #188	0.1	0.96757	0.96857	0.96657	0.0	0.0	0.0	10098.07	10096.52	100.0	9996.52
376	buy	CLOSE	USDCHF	20:09:2018 09:25:01	CSV Order #188 - CLOSED	0.1	0.96657	0.0	0.0	-10.7	0.0	-0.35000000000000003	10087.72	10087.72	0.0	10087.72
378	sell	OPEN	USDCHF	21:09:2018 08:00:00	CSV Order #189	0.1	0.95889	0.95789	0.95989	0.0	0.0	0.0	10087.72	10086.47	100.0	9986.47
378	sell	CLOSE	USDCHF	21:09:2018 10:06:35	CSV Order #189 - CLOSED	0.1	0.95789	0.0	0.0	10.09	0.0	-0.35000000000000003	10098.16	10098.16	0.0	10098.16
380	sell	OPEN	USDCHF	24:09:2018 08:00:00	CSV Order #190	0.1	0.95956	0.95856	0.96056	0.0	0.0	0.0	10098.16	10096.6	100.0	9996.6
380	sell	CLOSE	USDCHF	24:09:2018 09:20:17	CSV Order #190 - CLOSED	0.1	0.96057	0.0	0.0	-10.86	0.0	-0.35000000000000003	10087.65	10087.65	0.0	10087.65
382	buy	OPEN	USDCHF	25:09:2018 08:00:00	CSV Order #191	0.1	0.9664	0.9674	0.9654	0.0	0.0	0.0	10087.65	10085.99	100.0	9985.99
382	buy	CLOSE	USDCHF	25:09:2018 10:07:38	CSV Order #191 - CLOSED	0.1	0.9654	0.0	0.0	-10.709999999999999	0.0	-0.35000000000000003	10077.29	10077.29	0.0	10077.29
384	buy	OPEN	USDCHF	26:09:2018 08:00:00	CSV Order #192	0.1	0.96475	0.96575	0.96375	0.0	0.0	0.0	10077.29	10075.74	100.0	9975.74
384	buy	CLOSE	USDCHF	26:09:2018 12:22:13	CSV Order #192 - CLOSED	0.1	0.96576	0.0	0.0	10.110000000000001	0.0	-0.35000000000000003	10087.75	10087.75	0.0	10087.75
386	sell	OPEN	USDCHF	27:09:2018 08:00:00	CSV Order #193	0.1	0.96568	0.96468	0.96668	0.0	0.0	0.0	10087.75	10086.2	100.0	9986.2
386	sell	CLOSE	USDCHF	27:09:2018 08:10:28	CSV Order #193 - CLOSED	0.1	0.96668	0.0	0.0	-10.69	0.0	-0.35000000000000003	10077.41	10077.41	0.0	10077.41
388	buy	OPEN	USDCHF	28:09:2018 08:00:00	CSV Order #194	0.1	0.97651	0.97751	0.97551	0.0	0.0	0.0	10077.41	10076.18	100.0	9976.18
388	buy	CLOSE	USDCHF	28:09:2018 10:37:34	CSV Order #194 - CLOSED	0.1	0.97551	0.0	0.0	-10.6	0.0	-0.35000000000000003	10067.16	10067.16	0.0	10067.16
390	buy	OPEN	USDCHF	01:10:2018 08:00:00	CSV Order #195	0.1	0.98187	0.98287	0.98087	0.0	0.0	0.0	10067.16	10065.84	100.0	9965.84
390	buy	CLOSE	USDCHF	01:10:2018 08:29:43	CSV Order #195 - CLOSED	0.1	0.98085	0.0	0.0	-10.75	0.0	-0.35000000000000003	10056.76	10056.76	0.0	10056.76
392	buy	OPEN	USDCHF	02:10:2018 08:00:00	CSV Order #196	0.1	0.9844	0.9854	0.9834	0.0	0.0	0.0	10056.76	10055.24	100.0	9955.24
392	buy	CLOSE	USDCHF	02:10:2018 10:12:35	CSV Order #196 - CLOSED	0.1	0.98339	0.0	0.0	-10.62	0.0	-0.35000000000000003	10046.49	10046.49	0.0	10046.49
394	buy	OPEN	USDCHF	03:10:2018 08:00:00	CSV Order #197	0.1	0.98428	0.98528	0.98328	0.0	0.0	0.0	10046.49	10044.97	100.0	9944.97
394	buy	CLOSE	USDCHF	03:10:2018 10:03:06	CSV Order #197 - CLOSED	0.1	0.98528	0.0	0.0	9.8	0.0	-0.35000000000000003	10056.64	10056.64	0.0	10056.64
396	buy	OPEN	USDCHF	04:10:2018 08:00:00	CSV Order #198	0.1	0.99221	0.99321	0.99121	0.0	0.0	0.0	10056.64	10055.23	100.0	9955.23
396	buy	CLOSE	USDCHF	04:10:2018 09:12:30	CSV Order #198 - CLOSED	0.1	0.99119	0.0	0.0	-10.639999999999999	0.0	-0.35000000000000003	10046.35	10046.35	0.0	10046.35
398	sell	OPEN	USDCHF	05:10:2018 08:00:00	CSV Order #199	0.1	0.99349	0.99249	0.99449	0.0	0.0	0.0	10046.35	10044.84	100.0	9944.84
398	sell	CLOSE	USDCHF	05:10:2018 13:22:39	CSV Order #199 - CLOSED	0.1	0.99452	0.0	0.0	-10.709999999999999	0.0	-0.35000000000000003	10035.99	10035.99	0.0	10035.99
400	buy	OPEN	USDCHF	08:10:2018 08:00:00	CSV Order #200	0.1	0.99155	0.99255	0.99055	0.0	0.0	0.0	10035.99	10034.48	100.0	9934.48
400	buy	CLOSE	USDCHF	08:10:2018 12:58:14	CSV Order #200 - CLOSED	0.1	0.99256	0.0	0.0	9.83	0.0	-0.35000000000000003	10046.17	10046.17	0.0	10046.17
402	buy	OPEN	USDCHF	09:10:2018 08:00:00	CSV Order #201	0.1	0.99253	0.99353	0.99153	0.0	0.0	0.0	10046.17	10044.76	100.0	9944.76
402	buy	CLOSE	USDCHF	09:10:2018 09:25:19	CSV Order #201 - CLOSED	0.1	0.99353	0.0	0.0	9.72	0.0	-0.35000000000000003	10056.24	10056.24	0.0	10056.24
404	sell	OPEN	USDCHF	10:10:2018 08:00:00	CSV Order #202	0.1	0.99119	0.99019	0.99219	0.0	0.0	0.0	10056.24	10054.73	100.0	9954.73
404	sell	CLOSE	USDCHF	10:10:2018 10:35:28	CSV Order #202 - CLOSED	0.1	0.99219	0.0	0.0	-10.43	0.0	-0.35000000000000003	10046.16	10046.16	0.0	10046.16
406	sell	OPEN	USDCHF	11:10:2018 08:00:00	CSV Order #203	0.1	0.98634	0.98534	0.98734	0.0	0.0	0.0	10046.16	10044.64	100.0	9944.64
406	sell	CLOSE	USDCHF	11:10:2018 09:00:32	CSV Order #203 - CLOSED	0.1	0.98734	0.0	0.0	-10.48	0.0	-0.35000000000000003	10036.03	10036.03	0.0	10036.03
408	buy	OPEN	USDCHF	12:10:2018 08:00:00	CSV Order #204	0.1	0.98988	0.99088	0.98888	0.0	0.0	0.0	10036.03	10034.82	100.0	9934.82
408	buy	CLOSE	USDCHF	12:10:2018 10:19:36	CSV Order #204 - CLOSED	0.1	0.98887	0.0	0.0	-10.56	0.0	-0.35000000000000003	10025.82	10025.82	0.0	10025.82
410	buy	OPEN	USDCHF	15:10:2018 08:00:00	CSV Order #205	0.1	0.99036	0.99136	0.98936	0.0	0.0	0.0	10025.82	10024.51	100.0	9924.51
410	buy	CLOSE	USDCHF	15:10:2018 11:58:01	CSV Order #205 - CLOSED	0.1	0.98936	0.0	0.0	-10.459999999999999	0.0	-0.35000000000000003	10015.71	10015.71	0.0	10015.71
412	sell	OPEN	USDCHF	16:10:2018 08:00:00	CSV Order #206	0.1	0.98866	0.98766	0.98966	0.0	0.0	0.0	10015.71	10014.4	100.0	9914.4
412	sell	CLOSE	USDCHF	16:10:2018 08:32:36	CSV Order #206 - CLOSED	0.1	0.98967	0.0	0.0	-10.56	0.0	-0.35000000000000003	10005.5	10005.5	0.0	10005.5
414	buy	OPEN	USDCHF	17:10:2018 08:00:00	CSV Order #207	0.1	0.99152	0.99252	0.99052	0.0	0.0	0.0	10005.5	10004.19	100.0	9904.19
414	buy	CLOSE	USDCHF	17:10:2018 10:06:18	CSV Order #207 - CLOSED	0.1	0.99052	0.0	0.0	-10.45	0.0	-0.35000000000000003	9995.4	9995.4	0.0	9995.4
416	buy	OPEN	USDCHF	18:10:2018 08:00:00	CSV Order #208	0.1	0.99484	0.99584	0.99384	0.0	0.0	0.0	9995.4	9994.09	100.0	9894.09
416	buy	CLOSE	USDCHF	18:10:2018 09:08:59	CSV Order #208 - CLOSED	0.1	0.99586	0.0	0.0	9.89	0.0	-0.35000000000000003	10005.64	10005.64	0.0	10005.64
418	buy	OPEN	USDCHF	19:10:2018 08:00:00	CSV Order #209	0.1	0.99625	0.99725	0.99525	0.0	0.0	0.0	10005.64	10004.34	100.0	9904.34
418	buy	CLOSE	USDCHF	19:10:2018 10:14:19	CSV Order #209 - CLOSED	0.1	0.99726	0.0	0.0	9.780000000000001	0.0	-0.35000000000000003	10015.77	10015.77	0.0	10015.77
420	buy	OPEN	USDCHF	22:10:2018 08:00:00	CSV Order #210	0.1	0.99657	0.99757	0.99557	0.0	0.0	0.0	10015.77	10014.47	100.0	9914.47
420	buy	CLOSE	USDCHF	22:10:2018 09:27:37	CSV Order #210 - CLOSED	0.1	0.99557	0.0	0.0	-10.389999999999999	0.0	-0.35000000000000003	10005.73	10005.73	0.0	10005.73
422	sell	OPEN	USDCHF	23:10:2018 08:00:00	CSV Order #211	0.1	0.99628	0.99528	0.99728	0.0	0.0	0.0	10005.73	10004.43	100.0	9904.43
422	sell	CLOSE	USDCHF	23:10:2018 10:37:59	CSV Order #211 - CLOSED	0.1	0.99527	0.0	0.0	9.8	0.0	-0.35000000000000003	10015.88	10015.88	0.0	10015.88
424	sell	OPEN	USDCHF	24:10:2018 08:00:00	CSV Order #212	0.1	0.99485	0.99385	0.99585	0.0	0.0	0.0	10015.88	10014.47	100.0	9914.47
424	sell	CLOSE	USDCHF	24:10:2018 10:23:29	CSV Order #212 - CLOSED	0.1	0.99585	0.0	0.0	-10.389999999999999	0.0	-0.35000000000000003	10005.84	10005.84	0.0	10005.84
426	buy	OPEN	USDCHF	25:10:2018 08:00:00	CSV Order #213	0.1	0.9964	0.9974	0.9954	0.0	0.0	0.0	10005.84	10004.54	100.0	9904.54
426	buy	CLOSE	USDCHF	25:10:2018 10:19:18	CSV Order #213 - CLOSED	0.1	0.99741	0.0	0.0	9.780000000000001	0.0	-0.35000000000000003	10015.97	10015.97	0.0	10015.97
428	buy	OPEN	USDCHF	26:10:2018 08:00:00	CSV Order #214	0.1	1.00013	1.0011299999999999	0.99913	0.0	0.0	0.0	10015.97	10014.57	100.0	9914.57
428	buy	CLOSE	USDCHF	26:10:2018 10:06:39	CSV Order #214 - CLOSED	0.1	0.99912	0.0	0.0	-10.459999999999999	0.0	-0.35000000000000003	10005.86	10005.86	0.0	10005.86
430	sell	OPEN	USDCHF	29:10:2018 08:00:00	CSV Order #215	0.1	0.99801	0.99701	0.99901	0.0	0.0	0.0	10005.86	10004.36	100.0	9904.36
430	sell	CLOSE	USDCHF	29:10:2018 10:26:29	CSV Order #215 - CLOSED	0.1	0.99902	0.0	0.0	-10.459999999999999	0.0	-0.35000000000000003	9995.75	9995.75	0.0	9995.75
432	buy	OPEN	USDCHF	30:10:2018 08:00:00	CSV Order #216	0.1	1.00181	1.00281	1.0008100000000002	0.0	0.0	0.0	9995.75	9994.15	100.0	9894.15
432	buy	CLOSE	USDCHF	30:10:2018 09:06:33	CSV Order #216 - CLOSED	0.1	1.0008	0.0	0.0	-10.44	0.0	-0.35000000000000003	9985.66	9985.66	0.0	9985.66
434	buy	OPEN	USDCHF	31:10:2018 08:00:00	CSV Order #217	0.1	1.00514	1.0061399999999998	1.00414	0.0	0.0	0.0	9985.66	9984.17	100.0	9884.17
434	buy	CLOSE	USDCHF	31:10:2018 10:32:04	CSV Order #217 - CLOSED	0.1	1.00414	0.0	0.0	-10.31	0.0	-0.35000000000000003	9975.7	9975.7	0.0	9975.7
436	buy	OPEN	USDCHF	01:11:2018 08:00:00	CSV Order #218	0.1	1.00655	1.00755	1.0055500000000002	0.0	0.0	0.0	9975.7	9974.41	100.0	9874.41
436	buy	CLOSE	USDCHF	01:11:2018 08:36:04	CSV Order #218 - CLOSED	0.1	1.00555	0.0	0.0	-10.29	0.0	-0.35000000000000003	9965.76	9965.76	0.0	9965.76
438	sell	OPEN	USDCHF	02:11:2018 08:00:00	CSV Order #219	0.1	1.00138	1.00038	1.0023799999999998	0.0	0.0	0.0	9965.76	9964.36	100.0	9864.36
438	sell	CLOSE	USDCHF	02:11:2018 10:24:34	CSV Order #219 - CLOSED	0.1	1.00038	0.0	0.0	9.65	0.0	-0.35000000000000003	9975.76	9975.76	0.0	9975.76
440	buy	OPEN	USDCHF	05:11:2018 08:00:00	CSV Order #220	0.1	1.00427	1.0052699999999999	1.00327	0.0	0.0	0.0	9975.76	9974.27	100.0	9874.27
440	buy	CLOSE	USDCHF	05:11:2018 09:09:38	CSV Order #220 - CLOSED	0.1	1.00325	0.0	0.0	-10.52	0.0	-0.35000000000000003	9965.59	9965.59	0.0	9965.59
442	buy	OPEN	USDCHF	06:11:2018 08:00:00	CSV Order #221	0.1	1.00444	1.00544	1.00344	0.0	0.0	0.0	9965.59	9964.3	100.0	9864.3
442	buy	CLOSE	USDCHF	06:11:2018 10:03:27	CSV Order #221 - CLOSED	0.1	1.00344	0.0	0.0	-10.32	0.0	-0.35000000000000003	9955.62	9955.62	0.0	9955.62
444	sell	OPEN	USDCHF	07:11:2018 08:00:00	CSV Order #222	0.1	1.00042	0.9994200000000001	1.00142	0.0	0.0	0.0	9955.62	9953.92	100.0	9853.92
444	sell	CLOSE	USDCHF	07:11:2018 08:46:26	CSV Order #222 - CLOSED	0.1	1.00144	0.0	0.0	-10.54	0.0	-0.35000000000000003	9945.43	9945.43	0.0	9945.43
446	buy	OPEN	USDCHF	08:11:2018 08:00:00	CSV Order #223	0.1	1.00191	1.00291	1.0009100000000002	0.0	0.0	0.0	9945.43	9944.23	100.0	9844.23
446	buy	CLOSE	USDCHF	08:11:2018 09:10:18	CSV Order #223 - CLOSED	0.1	1.00291	0.0	0.0	9.620000000000001	0.0	-0.35000000000000003	9955.4	9955.4	0.0	9955.4
448	buy	OPEN	USDCHF	09:11:2018 08:00:00	CSV Order #224	0.1	1.0069	1.0078999999999998	1.0059	0.0	0.0	0.0	9955.4	9954.01	100.0	9854.01
448	buy	CLOSE	USDCHF	09:11:2018 08:32:14	CSV Order #224 - CLOSED	0.1	1.0079	0.0	0.0	9.57	0.0	-0.35000000000000003	9965.32	9965.32	0.0	9965.32
450	buy	OPEN	USDCHF	12:11:2018 08:00:00	CSV Order #225	0.1	1.00701	1.0080099999999999	1.00601	0.0	0.0	0.0	9965.32	9963.93	100.0	9863.93
450	buy	CLOSE	USDCHF	12:11:2018 08:41:38	CSV Order #225 - CLOSED	0.1	1.00801	0.0	0.0	9.57	0.0	-0.35000000000000003	9975.24	9975.24	0.0	9975.24
452	buy	OPEN	USDCHF	13:11:2018 08:00:00	CSV Order #226	0.1	1.01062	1.01162	1.0096200000000002	0.0	0.0	0.0	9975.24	9973.76	100.0	9873.76
452	buy	CLOSE	USDCHF	13:11:2018 09:05:34	CSV Order #226 - CLOSED	0.1	1.00961	0.0	0.0	-10.35	0.0	-0.35000000000000003	9965.24	9965.24	0.0	9965.24
454	sell	OPEN	USDCHF	14:11:2018 08:00:00	CSV Order #227	0.1	1.00694	1.00594	1.0079399999999998	0.0	0.0	0.0	9965.24	9963.95	100.0	9863.95
454	sell	CLOSE	USDCHF	14:11:2018 10:40:38	CSV Order #227 - CLOSED	0.1	1.00795	0.0	0.0	-10.37	0.0	-0.35000000000000003	9955.22	9955.22	0.0	9955.22
456	buy	OPEN	USDCHF	15:11:2018 08:00:00	CSV Order #228	0.1	1.00652	1.00752	1.0055200000000002	0.0	0.0	0.0	9955.22	9953.73	100.0	9853.73
456	buy	CLOSE	USDCHF	15:11:2018 08:24:04	CSV Order #228 - CLOSED	0.1	1.00551	0.0	0.0	-10.389999999999999	0.0	-0.35000000000000003	9945.18	9945.18	0.0	9945.18
458	buy	OPEN	USDCHF	16:11:2018 08:00:00	CSV Order #229	0.1	1.00618	1.00718	1.0051800000000002	0.0	0.0	0.0	9945.18	9943.89	100.0	9843.89
458	buy	CLOSE	USDCHF	16:11:2018 10:17:16	CSV Order #229 - CLOSED	0.1	1.00518	0.0	0.0	-10.299999999999999	0.0	-0.35000000000000003	9935.23	9935.23	0.0	9935.23
460	sell	OPEN	USDCHF	19:11:2018 08:00:00	CSV Order #230	0.1	1.00048	0.99948	1.00148	0.0	0.0	0.0	9935.23	9934.03	100.0	9834.03
460	sell	CLOSE	USDCHF	19:11:2018 09:13:24	CSV Order #230 - CLOSED	0.1	0.99948	0.0	0.0	9.66	0.0	-0.35000000000000003	9945.24	9945.24	0.0	9945.24
462	sell	OPEN	USDCHF	20:11:2018 08:00:00	CSV Order #231	0.1	0.99291	0.99191	0.99391	0.0	0.0	0.0	9945.24	9943.83	100.0	9843.83
462	sell	CLOSE	USDCHF	20:11:2018 10:02:36	CSV Order #231 - CLOSED	0.1	0.99189	0.0	0.0	9.93	0.0	-0.35000000000000003	9955.52	9955.52	0.0	9955.52
464	buy	OPEN	USDCHF	21:11:2018 08:00:00	CSV Order #232	0.1	0.99451	0.99551	0.99351	0.0	0.0	0.0	9955.52	9954.11	100.0	9854.11
464	buy	CLOSE	USDCHF	21:11:2018 08:50:53	CSV Order #232 - CLOSED	0.1	0.9935	0.0	0.0	-10.52	0.0	-0.35000000000000003	9945.35	9945.35	0.0	9945.35
466	sell	OPEN	USDCHF	22:11:2018 08:00:00	CSV Order #233	0.1	0.99385	0.99285	0.99485	0.0	0.0	0.0	9945.35	9943.74	100.0	9843.74
466	sell	CLOSE	USDCHF	22:11:2018 12:21:14	CSV Order #233 - CLOSED	0.1	0.99285	0.0	0.0	9.72	0.0	-0.35000000000000003	9955.42	9955.42	0.0	9955.42
468	buy	OPEN	USDCHF	23:11:2018 08:00:00	CSV Order #234	0.1	0.99442	0.99542	0.99342	0.0	0.0	0.0	9955.42	9953.91	100.0	9853.91
468	buy	CLOSE	USDCHF	23:11:2018 10:08:35	CSV Order #234 - CLOSED	0.1	0.9934	0.0	0.0	-10.62	0.0	-0.35000000000000003	9945.15	9945.15	0.0	9945.15
470	buy	OPEN	USDCHF	26:11:2018 08:00:00	CSV Order #235	0.1	0.99719	0.99819	0.99619	0.0	0.0	0.0	9945.15	9943.75	100.0	9843.75
470	buy	CLOSE	USDCHF	26:11:2018 10:32:22	CSV Order #235 - CLOSED	0.1	0.99618	0.0	0.0	-10.49	0.0	-0.35000000000000003	9935.01	9935.01	0.0	9935.01
472	buy	OPEN	USDCHF	27:11:2018 08:00:00	CSV Order #236	0.1	0.99771	0.99871	0.99671	0.0	0.0	0.0	9935.01	9933.41	100.0	9833.41
472	buy	CLOSE	USDCHF	27:11:2018 08:47:11	CSV Order #236 - CLOSED	0.1	0.99871	0.0	0.0	9.66	0.0	-0.35000000000000003	9945.02	9945.02	0.0	9945.02
474	sell	OPEN	USDCHF	28:11:2018 08:00:00	CSV Order #237	0.1	0.99926	0.99826	1.00026	0.0	0.0	0.0	9945.02	9943.42	100.0	9843.42
474	sell	CLOSE	USDCHF	28:11:2018 10:16:05	CSV Order #237 - CLOSED	0.1	1.00026	0.0	0.0	-10.35	0.0	-0.35000000000000003	9935.02	9935.02	0.0	9935.02
476	sell	OPEN	USDCHF	29:11:2018 08:00:00	CSV Order #238	0.1	0.99221	0.99121	0.99321	0.0	0.0	0.0	9935.02	9933.51	100.0	9833.51
476	sell	CLOSE	USDCHF	29:11:2018 09:03:20	CSV Order #238 - CLOSED	0.1	0.99322	0.0	0.0	-10.52	0.0	-0.35000000000000003	9924.85	9924.85	0.0	9924.85
478	buy	OPEN	USDCHF	30:11:2018 08:00:00	CSV Order #239	0.1	0.99683	0.99783	0.99583	0.0	0.0	0.0	9924.85	9923.45	100.0	9823.45
478	buy	CLOSE	USDCHF	30:11:2018 10:06:30	CSV Order #239 - CLOSED	0.1	0.99583	0.0	0.0	-10.389999999999999	0.0	-0.35000000000000003	9914.81	9914.81	0.0	9914.81
480	buy	OPEN	USDCHF	03:12:2018 08:00:00	CSV Order #240	0.1	0.99755	0.99855	0.99655	0.0	0.0	0.0	9914.81	9913.31	100.0	9813.31
480	buy	CLOSE	USDCHF	03:12:2018 09:49:14	CSV Order #240 - CLOSED	0.1	0.99655	0.0	0.0	-10.379999999999999	0.0	-0.35000000000000003	9904.78	9904.78	0.0	9904.78
482	sell	OPEN	USDCHF	04:12:2018 08:00:00	CSV Order #241	0.1	0.99631	0.99531	0.99731	0.0	0.0	0.0	9904.78	9903.48	100.0	9803.48
482	sell	CLOSE	USDCHF	04:12:2018 10:13:34	CSV Order #241 - CLOSED	0.1	0.99531	0.0	0.0	9.700000000000001	0.0	-0.35000000000000003	9914.83	9914.83	0.0	9914.83
484	sell	OPEN	USDCHF	05:12:2018 08:00:00	CSV Order #242	0.1	1.00003	0.99903	1.0010299999999999	0.0	0.0	0.0	9914.83	9913.23	100.0	9813.23
484	sell	CLOSE	USDCHF	05:12:2018 09:35:35	CSV Order #242 - CLOSED	0.1	0.99902	0.0	0.0	9.76	0.0	-0.35000000000000003	9924.94	9924.94	0.0	9924.94
486	sell	OPEN	USDCHF	06:12:2018 08:00:00	CSV Order #243	0.1	0.99612	0.99512	0.99712	0.0	0.0	0.0	9924.94	9923.53	100.0	9823.53
486	sell	CLOSE	USDCHF	06:12:2018 08:34:17	CSV Order #243 - CLOSED	0.1	0.99712	0.0	0.0	-10.379999999999999	0.0	-0.35000000000000003	9914.91	9914.91	0.0	9914.91
488	sell	OPEN	USDCHF	07:12:2018 08:00:00	CSV Order #244	0.1	0.99264	0.99164	0.99364	0.0	0.0	0.0	9914.91	9913.3	100.0	9813.3
488	sell	CLOSE	USDCHF	07:12:2018 09:20:50	CSV Order #244 - CLOSED	0.1	0.99364	0.0	0.0	-10.41	0.0	-0.35000000000000003	9904.85	9904.85	0.0	9904.85
490	sell	OPEN	USDCHF	10:12:2018 08:00:00	CSV Order #245	0.1	0.98761	0.98661	0.98861	0.0	0.0	0.0	9904.85	9903.33	100.0	9803.33
490	sell	CLOSE	USDCHF	10:12:2018 08:58:59	CSV Order #245 - CLOSED	0.1	0.98861	0.0	0.0	-10.469999999999999	0.0	-0.35000000000000003	9894.73	9894.73	0.0	9894.73
492	sell	OPEN	USDCHF	11:12:2018 08:00:00	CSV Order #246	0.1	0.98841	0.98741	0.98941	0.0	0.0	0.0	9894.73	9893.21	100.0	9793.21
492	sell	CLOSE	USDCHF	11:12:2018 08:41:33	CSV Order #246 - CLOSED	0.1	0.98943	0.0	0.0	-10.66	0.0	-0.35000000000000003	9884.42	9884.42	0.0	9884.42
494	buy	OPEN	USDCHF	12:12:2018 08:00:00	CSV Order #247	0.1	0.99223	0.99323	0.9912299999999999	0.0	0.0	0.0	9884.42	9883.01	100.0	9783.01
494	buy	CLOSE	USDCHF	12:12:2018 09:01:59	CSV Order #247 - CLOSED	0.1	0.99323	0.0	0.0	9.72	0.0	-0.35000000000000003	9894.49	9894.49	0.0	9894.49
496	sell	OPEN	USDCHF	13:12:2018 08:00:00	CSV Order #248	0.1	0.99378	0.99278	0.99478	0.0	0.0	0.0	9894.49	9892.88	100.0	9792.88
496	sell	CLOSE	USDCHF	13:12:2018 09:41:34	CSV Order #248 - CLOSED	0.1	0.99276	0.0	0.0	9.92	0.0	-0.35000000000000003	9904.76	9904.76	0.0	9904.76
498	buy	OPEN	USDCHF	14:12:2018 08:00:00	CSV Order #249	0.1	0.99415	0.99515	0.99315	0.0	0.0	0.0	9904.76	9903.25	100.0	9803.25
498	buy	CLOSE	USDCHF	14:12:2018 10:37:09	CSV Order #249 - CLOSED	0.1	0.99515	0.0	0.0	9.700000000000001	0.0	-0.35000000000000003	9914.81	9914.81	0.0	9914.81
500	buy	OPEN	USDCHF	17:12:2018 08:00:00	CSV Order #250	0.1	0.99793	0.99893	0.99693	0.0	0.0	0.0	9914.81	9913.21	100.0	9813.21
500	buy	CLOSE	USDCHF	17:12:2018 10:00:36	CSV Order #250 - CLOSED	0.1	0.99693	0.0	0.0	-10.379999999999999	0.0	-0.35000000000000003	9904.78	9904.78	0.0	9904.78
502	sell	OPEN	USDCHF	18:12:2018 08:00:00	CSV Order #251	0.1	0.99263	0.99163	0.99363	0.0	0.0	0.0	9904.78	9903.17	100.0	9803.17
502	sell	CLOSE	USDCHF	18:12:2018 08:49:02	CSV Order #251 - CLOSED	0.1	0.99363	0.0	0.0	-10.41	0.0	-0.35000000000000003	9894.72	9894.72	0.0	9894.72
504	sell	OPEN	USDCHF	19:12:2018 08:00:00	CSV Order #252	0.1	0.99209	0.99109	0.99309	0.0	0.0	0.0	9894.72	9893.11	100.0	9793.11
504	sell	CLOSE	USDCHF	19:12:2018 11:59:14	CSV Order #252 - CLOSED	0.1	0.9931	0.0	0.0	-10.52	0.0	-0.35000000000000003	9884.55	9884.55	0.0	9884.55
506	buy	OPEN	USDCHF	20:12:2018 08:00:00	CSV Order #253	0.1	0.99401	0.99501	0.99301	0.0	0.0	0.0	9884.55	9883.04	100.0	9783.04
506	buy	CLOSE	USDCHF	20:12:2018 08:19:54	CSV Order #253 - CLOSED	0.1	0.99301	0.0	0.0	-10.42	0.0	-0.35000000000000003	9874.48	9874.48	0.0	9874.48
508	sell	OPEN	USDCHF	21:12:2018 08:00:00	CSV Order #254	0.1	0.98723	0.98623	0.98823	0.0	0.0	0.0	9874.48	9872.86	100.0	9772.86
508	sell	CLOSE	USDCHF	21:12:2018 10:21:40	CSV Order #254 - CLOSED	0.1	0.98622	0.0	0.0	9.89	0.0	-0.35000000000000003	9884.72	9884.72	0.0	9884.72
510	buy	OPEN	USDCHF	24:12:2018 08:00:00	CSV Order #255	0.1	0.99328	0.99428	0.99228	0.0	0.0	0.0	9884.72	9883.01	100.0	9783.01
510	buy	CLOSE	USDCHF	24:12:2018 10:00:13	CSV Order #255 - CLOSED	0.1	0.99428	0.0	0.0	9.71	0.0	-0.35000000000000003	9894.78	9894.78	0.0	9894.78
512	sell	OPEN	USDCHF	26:12:2018 06:00:00	CSV Order #256	0.1	0.98583	0.98483	0.98683	0.0	0.0	0.0	9894.78	9893.97	100.0	9793.97
512	sell	CLOSE	USDCHF	26:12:2018 07:33:50	CSV Order #256 - CLOSED	0.1	0.98683	0.0	0.0	-10.48	0.0	-0.35000000000000003	9884.65	9884.65	0.0	9884.65
514	buy	OPEN	USDCHF	26:12:2018 08:00:00	CSV Order #257	0.1	0.98653	0.98753	0.98553	0.0	0.0	0.0	9884.65	9883.84	100.0	9783.84
514	buy	CLOSE	USDCHF	26:12:2018 10:31:31	CSV Order #257 - CLOSED	0.1	0.98755	0.0	0.0	9.98	0.0	-0.35000000000000003	9894.98	9894.98	0.0	9894.98
516	buy	OPEN	USDCHF	27:12:2018 08:00:00	CSV Order #258	0.1	0.99317	0.99417	0.99217	0.0	0.0	0.0	9894.98	9893.47	100.0	9793.47
516	buy	CLOSE	USDCHF	27:12:2018 08:42:05	CSV Order #258 - CLOSED	0.1	0.99216	0.0	0.0	-10.53	0.0	-0.35000000000000003	9884.8	9884.8	0.0	9884.8
518	sell	OPEN	USDCHF	28:12:2018 08:00:00	CSV Order #259	0.1	0.98519	0.98419	0.98619	0.0	0.0	0.0	9884.8	9882.97	100.0	9782.97
518	sell	CLOSE	USDCHF	28:12:2018 09:13:03	CSV Order #259 - CLOSED	0.1	0.98419	0.0	0.0	9.81	0.0	-0.35000000000000003	9894.96	9894.96	0.0	9894.96
0	SYSTEM	EA_STOPPED	USDCHF	28:12:2018 23:57:59	DailyOrderEA terminated. Executed: 259/1042 orders	0.0	0.0	0.0	0.0	0.0	0.0	0.0	9894.96	9894.96	0.0	9894.96
